date,city,city_zh,lat,lon,AQI,PM2.5,PM10,SO2,NO2,CO,O3
2015-01,Dongguan,东莞,23.02,113.75,75.5,55.1,76.1,20.4,48.0,1.0,59.5
2015-01,Foshan,佛山,23.02,113.12,74.5,54.3,80.2,24.5,60.0,1.2,36.0
2015-01,Guangzhou,广州,23.13,113.26,73.0,53.0,76.7,18.2,61.6,1.3,32.7
2015-01,Huizhou,惠州,23.11,114.42,56.3,34.2,65.7,12.1,29.8,1.0,62.2
2015-01,Jiangmen,江门,22.58,113.08,87.6,64.8,87.1,31.1,54.8,1.4,49.2
2015-01,Shenzhen,深圳,22.54,114.06,67.4,46.3,77.9,9.9,45.7,1.2,60.2
2015-01,Zhaoqing,肇庆,23.05,112.47,81.4,57.7,86.1,24.6,50.0,1.2,44.7
2015-01,Zhongshan,中山,22.52,113.38,75.0,54.1,84.4,20.2,45.6,1.6,29.8
2015-01,Zhuhai,珠海,22.27,113.58,81.5,59.3,89.5,16.3,51.0,1.5,60.7
2015-02,Dongguan,东莞,23.02,113.75,78.4,57.7,75.2,15.2,34.2,1.0,69.8
2015-02,Foshan,佛山,23.02,113.12,81.8,60.2,76.7,15.0,45.3,1.1,50.2
2015-02,Guangzhou,广州,23.13,113.26,84.6,62.3,82.3,13.0,53.8,1.1,38.2
2015-02,Huizhou,惠州,23.11,114.42,64.3,42.7,75.4,11.3,22.3,1.0,77.1
2015-02,Jiangmen,江门,22.58,113.08,93.9,68.8,90.5,19.9,43.7,1.0,56.0
2015-02,Shenzhen,深圳,22.54,114.06,74.4,53.6,78.4,9.5,35.2,1.1,67.1
2015-02,Zhaoqing,肇庆,23.05,112.47,91.3,67.2,85.6,17.6,29.0,1.1,52.5
2015-02,Zhongshan,中山,22.52,113.38,89.1,65.9,84.3,13.7,42.8,1.3,36.4
2015-02,Zhuhai,珠海,22.27,113.58,90.9,66.3,92.2,10.8,34.4,1.2,68.2
2015-03,Dongguan,东莞,23.02,113.75,51.5,34.8,50.5,11.9,40.5,0.9,41.6
2015-03,Foshan,佛山,23.02,113.12,56.6,39.6,56.5,15.4,47.6,1.1,21.7
2015-03,Guangzhou,广州,23.13,113.26,53.6,37.3,56.5,10.8,51.1,1.1,22.3
2015-03,Huizhou,惠州,23.11,114.42,45.1,24.8,47.4,8.2,21.4,0.8,53.5
2015-03,Jiangmen,江门,22.58,113.08,67.9,48.4,65.2,21.6,44.7,1.2,30.8
2015-03,Shenzhen,深圳,22.54,114.06,52.2,32.8,54.9,7.4,31.4,1.0,54.6
2015-03,Zhaoqing,肇庆,23.05,112.47,61.6,43.0,61.0,26.0,35.5,1.1,29.9
2015-03,Zhongshan,中山,22.52,113.38,56.8,38.4,59.7,13.1,36.2,1.1,28.1
2015-03,Zhuhai,珠海,22.27,113.58,47.4,31.2,45.9,6.1,35.4,0.8,50.0
2015-04,Dongguan,东莞,23.02,113.75,54.9,35.8,54.1,14.1,37.7,0.8,66.2
2015-04,Foshan,佛山,23.02,113.12,56.8,37.6,58.7,19.3,39.7,0.9,51.6
2015-04,Guangzhou,广州,23.13,113.26,63.1,42.1,66.7,14.9,48.4,1.1,49.2
2015-04,Huizhou,惠州,23.11,114.42,52.6,28.4,58.6,9.4,25.3,0.8,64.7
2015-04,Jiangmen,江门,22.58,113.08,50.2,32.1,53.9,16.4,28.0,0.9,48.0
2015-04,Shenzhen,深圳,22.54,114.06,49.6,29.5,54.3,8.7,35.8,0.9,51.5
2015-04,Zhaoqing,肇庆,23.05,112.47,57.0,37.1,60.0,22.6,27.1,0.9,63.5
2015-04,Zhongshan,中山,22.52,113.38,51.9,35.2,52.8,13.7,28.8,1.0,47.0
2015-04,Zhuhai,珠海,22.27,113.58,50.8,30.0,54.6,8.0,29.1,0.7,56.0
2015-05,Dongguan,东莞,23.02,113.75,40.4,25.5,39.4,8.4,32.3,0.8,57.7
2015-05,Foshan,佛山,23.02,113.12,42.3,27.2,41.5,14.1,40.8,0.9,40.0
2015-05,Guangzhou,广州,23.13,113.26,47.9,30.6,46.8,13.6,47.4,0.9,39.4
2015-05,Huizhou,惠州,23.11,114.42,39.5,20.3,39.7,7.8,18.8,0.8,56.6
2015-05,Jiangmen,江门,22.58,113.08,29.7,17.5,29.5,9.5,20.9,0.8,24.8
2015-05,Shenzhen,深圳,22.54,114.06,35.5,17.6,35.5,7.8,29.8,0.9,44.4
2015-05,Zhaoqing,肇庆,23.05,112.47,49.7,33.0,50.0,26.3,35.1,1.0,51.2
2015-05,Zhongshan,中山,22.52,113.38,27.8,17.3,26.0,10.1,18.4,1.0,36.6
2015-05,Zhuhai,珠海,22.27,113.58,31.5,13.1,31.7,5.0,19.9,0.7,44.5
2015-06,Dongguan,东莞,23.02,113.75,30.3,17.3,28.9,9.0,23.1,0.7,48.4
2015-06,Foshan,佛山,23.02,113.12,34.6,20.6,34.2,14.8,28.7,0.7,39.0
2015-06,Guangzhou,广州,23.13,113.26,39.1,22.2,38.6,10.5,34.7,0.7,44.2
2015-06,Huizhou,惠州,23.11,114.42,33.4,13.8,33.4,10.0,16.8,0.7,46.6
2015-06,Jiangmen,江门,22.58,113.08,23.2,13.3,23.0,9.4,15.3,0.6,25.7
2015-06,Shenzhen,深圳,22.54,114.06,27.5,11.8,27.5,8.3,26.1,0.8,36.7
2015-06,Zhaoqing,肇庆,23.05,112.47,33.8,18.2,33.6,19.1,17.5,0.7,50.4
2015-06,Zhongshan,中山,22.52,113.38,21.3,11.7,20.5,9.8,13.6,0.7,36.3
2015-06,Zhuhai,珠海,22.27,113.58,28.3,10.1,28.3,4.3,12.9,0.6,39.4
2015-07,Dongguan,东莞,23.02,113.75,37.0,22.9,34.4,9.8,25.5,0.7,59.6
2015-07,Foshan,佛山,23.02,113.12,45.6,29.7,44.5,13.7,29.5,0.8,54.2
2015-07,Guangzhou,广州,23.13,113.26,43.4,25.9,42.0,9.2,33.8,0.8,49.6
2015-07,Huizhou,惠州,23.11,114.42,38.1,20.5,38.3,9.2,16.4,0.7,51.9
2015-07,Jiangmen,江门,22.58,113.08,32.3,19.9,31.6,9.8,16.5,0.8,47.6
2015-07,Shenzhen,深圳,22.54,114.06,35.1,20.2,35.0,7.9,27.4,0.9,53.8
2015-07,Zhaoqing,肇庆,23.05,112.47,37.0,22.7,36.0,16.3,14.0,0.7,59.6
2015-07,Zhongshan,中山,22.52,113.38,36.0,21.7,33.7,6.7,21.0,0.9,56.1
2015-07,Zhuhai,珠海,22.27,113.58,39.7,19.6,42.4,6.3,16.3,0.8,54.7
2015-08,Dongguan,东莞,23.02,113.75,52.4,33.5,47.9,12.1,34.6,0.7,64.6
2015-08,Foshan,佛山,23.02,113.12,62.2,42.5,62.9,19.5,38.1,0.8,54.8
2015-08,Guangzhou,广州,23.13,113.26,61.2,40.7,63.3,13.9,40.3,0.9,55.8
2015-08,Huizhou,惠州,23.11,114.42,46.7,26.4,48.1,10.5,19.2,0.8,59.6
2015-08,Jiangmen,江门,22.58,113.08,42.5,26.8,42.8,14.0,16.8,0.9,50.9
2015-08,Shenzhen,深圳,22.54,114.06,41.5,25.5,43.3,9.4,35.2,0.9,50.2
2015-08,Zhaoqing,肇庆,23.05,112.47,53.4,35.4,53.3,19.2,22.8,0.7,61.3
2015-08,Zhongshan,中山,22.52,113.38,42.5,27.9,40.8,10.0,22.3,1.0,55.8
2015-08,Zhuhai,珠海,22.27,113.58,43.1,24.6,46.3,7.4,20.2,0.8,54.2
2015-09,Dongguan,东莞,23.02,113.75,56.7,37.0,52.5,13.9,29.4,0.7,71.2
2015-09,Foshan,佛山,23.02,113.12,56.0,38.4,55.5,15.4,31.7,0.9,55.7
2015-09,Guangzhou,广州,23.13,113.26,63.0,43.4,65.6,11.7,42.7,0.9,54.1
2015-09,Huizhou,惠州,23.11,114.42,51.7,32.1,51.6,11.1,21.7,0.8,66.9
2015-09,Jiangmen,江门,22.58,113.08,48.0,32.0,46.7,14.5,20.4,0.9,55.6
2015-09,Shenzhen,深圳,22.54,114.06,44.1,28.9,44.7,8.0,30.7,0.7,60.5
2015-09,Zhaoqing,肇庆,23.05,112.47,58.8,41.2,57.7,22.7,27.0,0.9,62.2
2015-09,Zhongshan,中山,22.52,113.38,44.2,29.8,41.9,10.2,22.5,0.9,60.1
2015-09,Zhuhai,珠海,22.27,113.58,45.4,24.8,49.2,7.4,21.7,0.7,60.8
2015-10,Dongguan,东莞,23.02,113.75,65.5,46.3,65.0,17.2,31.2,0.8,68.2
2015-10,Foshan,佛山,23.02,113.12,71.4,51.2,75.4,21.8,44.2,0.9,49.5
2015-10,Guangzhou,广州,23.13,113.26,63.4,43.4,74.2,10.8,49.1,0.9,47.4
2015-10,Huizhou,惠州,23.11,114.42,54.2,35.3,57.6,11.5,20.8,0.8,67.0
2015-10,Jiangmen,江门,22.58,113.08,58.8,40.0,64.7,21.4,34.7,1.1,54.0
2015-10,Shenzhen,深圳,22.54,114.06,55.1,37.4,58.3,8.6,34.4,0.8,75.1
2015-10,Zhaoqing,肇庆,23.05,112.47,61.7,44.4,60.9,19.3,31.5,0.9,68.1
2015-10,Zhongshan,中山,22.52,113.38,65.2,46.6,63.8,16.0,35.8,1.0,62.3
2015-10,Zhuhai,珠海,22.27,113.58,64.8,41.6,73.8,11.5,29.6,0.8,78.1
2015-11,Dongguan,东莞,23.02,113.75,63.1,43.9,62.6,17.3,35.3,0.8,50.8
2015-11,Foshan,佛山,23.02,113.12,61.6,42.0,67.3,19.7,44.7,1.0,33.7
2015-11,Guangzhou,广州,23.13,113.26,60.9,40.1,70.1,13.7,52.2,1.0,31.7
2015-11,Huizhou,惠州,23.11,114.42,51.3,31.5,53.4,11.3,21.4,0.9,58.6
2015-11,Jiangmen,江门,22.58,113.08,57.4,36.6,63.7,19.7,44.2,1.1,35.6
2015-11,Shenzhen,深圳,22.54,114.06,50.2,32.1,52.6,7.8,31.2,0.8,70.5
2015-11,Zhaoqing,肇庆,23.05,112.47,58.5,40.0,60.9,19.7,40.4,1.0,40.0
2015-11,Zhongshan,中山,22.52,113.38,62.7,44.0,61.9,11.3,40.3,1.1,47.1
2015-11,Zhuhai,珠海,22.27,113.58,53.5,35.1,56.3,11.8,34.8,0.8,72.1
2015-12,Dongguan,东莞,23.02,113.75,47.1,33.2,44.0,13.8,33.9,1.0,27.5
2015-12,Foshan,佛山,23.02,113.12,51.7,36.1,53.5,15.2,38.4,1.0,18.1
2015-12,Guangzhou,广州,23.13,113.26,50.4,34.4,52.8,10.1,46.6,1.0,18.6
2015-12,Huizhou,惠州,23.11,114.42,40.3,25.7,39.1,8.0,23.0,0.8,36.1
2015-12,Jiangmen,江门,22.58,113.08,46.0,29.2,49.1,12.9,42.4,1.0,15.2
2015-12,Shenzhen,深圳,22.54,114.06,44.1,28.6,44.2,7.4,36.4,1.0,42.7
2015-12,Zhaoqing,肇庆,23.05,112.47,43.9,30.7,46.3,13.6,39.1,1.2,23.7
2015-12,Zhongshan,中山,22.52,113.38,48.0,31.9,48.2,12.1,38.4,1.4,19.5
2015-12,Zhuhai,珠海,22.27,113.58,48.2,30.7,51.3,12.1,44.9,1.0,45.6
2016-01,Dongguan,东莞,23.02,113.75,49.5,34.5,46.5,14.0,37.7,0.9,28.6
2016-01,Foshan,佛山,23.02,113.12,52.0,36.4,49.5,14.6,42.4,1.1,18.3
2016-01,Guangzhou,广州,23.13,113.26,50.5,32.8,53.0,8.3,50.7,1.1,18.5
2016-01,Huizhou,惠州,23.11,114.42,43.0,27.9,42.2,7.2,26.7,0.9,39.9
2016-01,Jiangmen,江门,22.58,113.08,49.8,30.5,51.7,11.9,42.7,1.1,17.4
2016-01,Shenzhen,深圳,22.54,114.06,48.7,32.7,48.5,7.1,42.1,1.0,46.7
2016-01,Zhaoqing,肇庆,23.05,112.47,45.8,31.2,43.2,10.4,38.8,1.2,26.3
2016-01,Zhongshan,中山,22.52,113.38,51.7,34.9,54.0,13.3,44.0,1.3,20.4
2016-01,Zhuhai,珠海,22.27,113.58,49.9,32.2,54.1,11.2,50.5,0.9,45.0
2016-02,Dongguan,东莞,23.02,113.75,49.2,34.3,44.6,7.3,25.5,0.8,43.1
2016-02,Foshan,佛山,23.02,113.12,54.2,38.2,48.9,9.8,35.7,0.8,35.2
2016-02,Guangzhou,广州,23.13,113.26,53.7,36.7,53.5,8.9,42.9,0.9,33.8
2016-02,Huizhou,惠州,23.11,114.42,44.1,29.0,44.6,6.8,20.5,0.8,51.8
2016-02,Jiangmen,江门,22.58,113.08,49.9,31.2,51.5,7.6,32.5,1.0,35.2
2016-02,Shenzhen,深圳,22.54,114.06,45.4,29.1,46.9,7.9,32.0,0.8,57.7
2016-02,Zhaoqing,肇庆,23.05,112.47,47.8,32.8,44.9,7.7,26.4,1.0,38.5
2016-02,Zhongshan,中山,22.52,113.38,46.0,28.3,47.9,10.1,38.4,1.1,29.8
2016-02,Zhuhai,珠海,22.27,113.58,48.5,29.7,52.2,8.3,36.6,0.8,53.6
2016-03,Dongguan,东莞,23.02,113.75,61.2,43.5,61.0,10.4,47.5,0.8,47.3
2016-03,Foshan,佛山,23.02,113.12,61.2,42.9,63.6,15.5,56.0,0.9,39.2
2016-03,Guangzhou,广州,23.13,113.26,63.0,44.5,67.0,12.9,59.5,1.0,35.3
2016-03,Huizhou,惠州,23.11,114.42,46.9,30.3,50.1,8.0,27.8,0.8,60.5
2016-03,Jiangmen,江门,22.58,113.08,54.9,29.9,62.7,15.0,41.6,0.9,45.1
2016-03,Shenzhen,深圳,22.54,114.06,45.6,30.5,47.4,9.5,40.0,0.8,63.8
2016-03,Zhaoqing,肇庆,23.05,112.47,64.1,46.1,65.8,25.1,44.4,1.1,39.9
2016-03,Zhongshan,中山,22.52,113.38,50.9,33.8,51.6,11.5,49.5,1.0,39.5
2016-03,Zhuhai,珠海,22.27,113.58,49.3,30.7,52.2,9.2,44.5,0.8,66.4
2016-04,Dongguan,东莞,23.02,113.75,51.2,34.8,48.2,8.8,39.2,0.8,45.8
2016-04,Foshan,佛山,23.02,113.12,49.1,31.4,50.2,13.2,44.9,0.9,39.1
2016-04,Guangzhou,广州,23.13,113.26,59.6,40.5,57.6,13.6,54.3,1.1,27.1
2016-04,Huizhou,惠州,23.11,114.42,43.9,25.4,43.6,8.1,28.3,0.8,55.0
2016-04,Jiangmen,江门,22.58,113.08,49.7,28.4,52.8,11.1,30.0,0.8,44.5
2016-04,Shenzhen,深圳,22.54,114.06,41.6,26.5,40.5,10.8,40.9,0.8,52.0
2016-04,Zhaoqing,肇庆,23.05,112.47,55.6,37.5,56.2,23.1,32.6,0.9,44.4
2016-04,Zhongshan,中山,22.52,113.38,45.0,30.5,41.1,9.1,25.8,1.1,44.5
2016-04,Zhuhai,珠海,22.27,113.58,40.1,23.9,40.1,7.5,31.7,0.8,62.1
2016-05,Dongguan,东莞,23.02,113.75,45.5,29.3,44.2,8.3,25.9,0.7,67.2
2016-05,Foshan,佛山,23.02,113.12,46.8,28.2,47.0,11.5,34.4,0.8,62.7
2016-05,Guangzhou,广州,23.13,113.26,49.5,30.1,50.0,10.5,37.9,0.9,53.5
2016-05,Huizhou,惠州,23.11,114.42,40.4,21.2,41.3,8.2,18.4,0.7,74.6
2016-05,Jiangmen,江门,22.58,113.08,46.3,26.4,46.2,10.4,19.9,0.7,64.0
2016-05,Shenzhen,深圳,22.54,114.06,35.9,21.5,35.9,8.4,26.2,0.8,67.6
2016-05,Zhaoqing,肇庆,23.05,112.47,58.4,36.3,58.6,15.7,28.8,0.9,64.3
2016-05,Zhongshan,中山,22.52,113.38,36.4,23.0,34.2,7.5,21.5,0.9,60.5
2016-05,Zhuhai,珠海,22.27,113.58,35.0,20.5,34.6,7.6,22.9,0.7,76.1
2016-06,Dongguan,东莞,23.02,113.75,35.8,20.1,33.0,7.2,26.2,0.7,55.3
2016-06,Foshan,佛山,23.02,113.12,36.9,20.7,34.9,10.5,27.8,0.6,53.6
2016-06,Guangzhou,广州,23.13,113.26,41.1,23.0,39.8,9.3,31.8,0.8,46.1
2016-06,Huizhou,惠州,23.11,114.42,32.3,13.2,32.1,7.2,18.6,0.6,48.5
2016-06,Jiangmen,江门,22.58,113.08,33.2,17.6,32.7,8.6,18.2,0.6,42.8
2016-06,Shenzhen,深圳,22.54,114.06,24.1,12.1,23.4,8.3,26.2,0.6,45.3
2016-06,Zhaoqing,肇庆,23.05,112.47,39.6,22.7,38.2,15.0,22.4,0.7,56.1
2016-06,Zhongshan,中山,22.52,113.38,22.5,12.0,21.8,6.4,14.6,0.7,43.9
2016-06,Zhuhai,珠海,22.27,113.58,21.2,10.3,20.1,6.3,17.6,0.6,51.9
2016-07,Dongguan,东莞,23.02,113.75,42.5,25.1,40.7,10.1,26.6,0.6,54.9
2016-07,Foshan,佛山,23.02,113.12,42.0,24.5,40.5,14.3,27.5,0.7,48.8
2016-07,Guangzhou,广州,23.13,113.26,45.5,25.8,44.2,12.3,33.4,0.9,45.7
2016-07,Huizhou,惠州,23.11,114.42,43.3,21.4,44.4,10.1,24.0,0.6,55.8
2016-07,Jiangmen,江门,22.58,113.08,36.0,19.5,36.6,7.9,16.8,0.6,45.1
2016-07,Shenzhen,深圳,22.54,114.06,33.6,19.1,33.7,9.5,29.1,0.7,53.4
2016-07,Zhaoqing,肇庆,23.05,112.47,40.1,22.2,40.4,16.2,21.6,0.7,47.6
2016-07,Zhongshan,中山,22.52,113.38,30.7,16.7,29.9,8.4,18.8,0.7,50.6
2016-07,Zhuhai,珠海,22.27,113.58,27.6,15.1,27.2,6.3,15.6,0.7,55.1
2016-08,Dongguan,东莞,23.02,113.75,50.9,31.8,48.5,12.0,27.6,0.7,76.3
2016-08,Foshan,佛山,23.02,113.12,56.4,35.9,53.9,14.8,31.1,0.7,74.3
2016-08,Guangzhou,广州,23.13,113.26,53.8,33.9,52.8,13.7,36.0,0.9,66.6
2016-08,Huizhou,惠州,23.11,114.42,40.5,22.6,40.8,7.3,20.6,0.7,61.1
2016-08,Jiangmen,江门,22.58,113.08,53.5,32.7,53.3,11.6,25.3,0.8,77.1
2016-08,Shenzhen,深圳,22.54,114.06,36.7,22.5,36.5,8.1,29.1,0.7,64.2
2016-08,Zhaoqing,肇庆,23.05,112.47,51.1,31.2,51.0,13.4,26.6,0.8,70.1
2016-08,Zhongshan,中山,22.52,113.38,43.8,26.1,39.7,8.2,26.6,0.9,76.1
2016-08,Zhuhai,珠海,22.27,113.58,32.9,20.1,32.1,8.1,24.9,0.7,65.8
2016-09,Dongguan,东莞,23.02,113.75,50.6,33.9,50.4,12.8,31.0,0.7,69.5
2016-09,Foshan,佛山,23.02,113.12,61.4,41.7,59.9,13.2,34.8,0.8,69.0
2016-09,Guangzhou,广州,23.13,113.26,55.5,36.5,57.1,11.8,39.2,0.9,61.5
2016-09,Huizhou,惠州,23.11,114.42,40.5,24.5,41.8,7.0,17.7,0.7,69.5
2016-09,Jiangmen,江门,22.58,113.08,60.0,39.7,61.4,13.1,28.9,0.8,70.7
2016-09,Shenzhen,深圳,22.54,114.06,39.7,25.4,39.5,7.5,28.0,0.8,72.7
2016-09,Zhaoqing,肇庆,23.05,112.47,54.4,34.9,55.0,13.1,27.1,0.8,76.5
2016-09,Zhongshan,中山,22.52,113.38,46.7,28.8,41.9,11.4,26.8,0.8,72.7
2016-09,Zhuhai,珠海,22.27,113.58,42.2,24.6,40.6,10.6,25.4,0.7,81.3
2016-10,Dongguan,东莞,23.02,113.75,46.8,31.7,45.8,14.5,31.5,0.8,48.2
2016-10,Foshan,佛山,23.02,113.12,53.4,37.0,52.6,14.7,37.2,0.8,51.7
2016-10,Guangzhou,广州,23.13,113.26,46.7,29.6,49.1,10.5,37.4,0.9,44.1
2016-10,Huizhou,惠州,23.11,114.42,41.5,24.3,42.2,7.4,19.2,0.8,49.3
2016-10,Jiangmen,江门,22.58,113.08,55.1,35.0,56.7,10.9,34.5,0.9,57.5
2016-10,Shenzhen,深圳,22.54,114.06,37.9,24.1,38.2,6.4,27.9,0.8,55.9
2016-10,Zhaoqing,肇庆,23.05,112.47,49.5,33.3,49.9,13.2,25.1,0.8,53.7
2016-10,Zhongshan,中山,22.52,113.38,45.5,29.8,43.6,16.2,30.9,0.9,51.9
2016-10,Zhuhai,珠海,22.27,113.58,42.8,25.6,41.7,11.4,27.9,0.8,65.2
2016-11,Dongguan,东莞,23.02,113.75,62.5,43.4,63.2,15.1,36.9,1.0,59.5
2016-11,Foshan,佛山,23.02,113.12,79.8,57.5,84.1,17.2,54.0,1.0,47.4
2016-11,Guangzhou,广州,23.13,113.26,62.3,42.9,72.5,15.4,63.3,1.0,43.4
2016-11,Huizhou,惠州,23.11,114.42,51.0,33.0,54.5,8.4,23.9,0.9,59.0
2016-11,Jiangmen,江门,22.58,113.08,78.4,54.3,84.9,15.6,52.3,1.0,62.4
2016-11,Shenzhen,深圳,22.54,114.06,48.6,32.4,52.1,7.3,32.9,0.9,65.9
2016-11,Zhaoqing,肇庆,23.05,112.47,77.8,56.6,77.6,16.3,42.6,1.1,50.5
2016-11,Zhongshan,中山,22.52,113.38,59.8,40.5,58.4,16.1,40.8,1.0,53.9
2016-11,Zhuhai,珠海,22.27,113.58,50.3,32.8,51.0,12.5,38.6,0.8,61.5
2016-12,Dongguan,东莞,23.02,113.75,70.5,51.0,70.7,15.2,51.2,1.1,44.3
2016-12,Foshan,佛山,23.02,113.12,81.2,59.1,87.8,17.1,65.3,1.0,38.9
2016-12,Guangzhou,广州,23.13,113.26,68.7,48.2,79.6,13.8,71.1,1.1,40.0
2016-12,Huizhou,惠州,23.11,114.42,62.2,41.8,68.7,10.5,34.7,1.0,56.7
2016-12,Jiangmen,江门,22.58,113.08,82.9,58.8,93.9,16.7,68.9,1.0,42.9
2016-12,Shenzhen,深圳,22.54,114.06,59.5,40.4,65.2,9.1,41.3,0.9,62.2
2016-12,Zhaoqing,肇庆,23.05,112.47,74.8,54.6,77.1,15.0,51.0,1.1,39.3
2016-12,Zhongshan,中山,22.52,113.38,72.1,50.6,72.0,17.5,62.2,1.0,42.9
2016-12,Zhuhai,珠海,22.27,113.58,65.1,43.9,66.4,13.1,54.4,0.9,54.3
2017-01,Dongguan,东莞,23.02,113.75,76.4,55.6,74.9,12.9,45.4,1.1,51.2
2017-01,Foshan,佛山,23.02,113.12,96.7,73.1,95.9,11.5,56.4,1.1,43.8
2017-01,Guangzhou,广州,23.13,113.26,79.0,57.8,83.2,11.4,70.3,1.2,39.0
2017-01,Huizhou,惠州,23.11,114.42,61.6,42.7,66.4,7.4,29.9,1.0,62.2
2017-01,Jiangmen,江门,22.58,113.08,83.2,60.9,85.8,11.5,53.6,1.1,48.7
2017-01,Shenzhen,深圳,22.54,114.06,55.5,38.6,57.9,7.6,37.1,0.9,68.7
2017-01,Zhaoqing,肇庆,23.05,112.47,80.9,59.9,74.4,10.4,36.3,1.3,46.9
2017-01,Zhongshan,中山,22.52,113.38,75.6,54.9,71.0,12.6,53.5,1.1,46.6
2017-01,Zhuhai,珠海,22.27,113.58,61.3,43.0,60.5,7.1,45.7,0.9,54.1
2017-02,Dongguan,东莞,23.02,113.75,61.9,44.1,57.1,11.4,43.1,1.0,67.6
2017-02,Foshan,佛山,23.02,113.12,72.2,52.1,72.1,13.7,46.7,0.8,54.9
2017-02,Guangzhou,广州,23.13,113.26,65.6,47.4,66.6,13.3,59.3,0.9,49.4
2017-02,Huizhou,惠州,23.11,114.42,52.2,34.9,54.2,7.8,23.4,0.8,81.0
2017-02,Jiangmen,江门,22.58,113.08,63.7,43.5,66.1,12.5,39.1,0.9,63.2
2017-02,Shenzhen,深圳,22.54,114.06,48.4,33.3,47.4,7.7,29.1,0.8,82.6
2017-02,Zhaoqing,肇庆,23.05,112.47,70.8,51.7,64.4,13.6,36.0,1.1,48.2
2017-02,Zhongshan,中山,22.52,113.38,62.2,44.4,54.8,10.9,37.6,0.8,64.1
2017-02,Zhuhai,珠海,22.27,113.58,50.6,34.9,46.6,7.2,35.3,0.7,65.6
2017-03,Dongguan,东莞,23.02,113.75,60.6,40.0,65.0,11.4,54.0,1.0,45.1
2017-03,Foshan,佛山,23.02,113.12,71.3,48.5,87.3,14.1,59.3,0.9,31.2
2017-03,Guangzhou,广州,23.13,113.26,67.9,45.0,75.5,12.8,67.1,1.0,31.0
2017-03,Huizhou,惠州,23.11,114.42,54.1,30.4,60.5,8.6,28.2,0.8,68.7
2017-03,Jiangmen,江门,22.58,113.08,66.9,44.0,80.1,14.0,51.0,1.0,39.9
2017-03,Shenzhen,深圳,22.54,114.06,48.2,30.2,50.6,7.6,32.2,0.8,78.7
2017-03,Zhaoqing,肇庆,23.05,112.47,74.5,54.0,74.4,18.3,49.3,1.2,27.2
2017-03,Zhongshan,中山,22.52,113.38,57.3,37.2,56.0,10.2,44.8,0.8,44.4
2017-03,Zhuhai,珠海,22.27,113.58,47.9,32.0,47.4,7.4,49.9,0.7,51.6
2017-04,Dongguan,东莞,23.02,113.75,62.4,41.7,58.7,11.6,47.5,0.9,53.3
2017-04,Foshan,佛山,23.02,113.12,69.6,45.1,78.2,14.3,53.9,0.9,50.1
2017-04,Guangzhou,广州,23.13,113.26,60.6,37.4,66.1,13.1,61.9,0.9,42.3
2017-04,Huizhou,惠州,23.11,114.42,53.2,29.6,56.2,9.3,28.8,0.8,60.3
2017-04,Jiangmen,江门,22.58,113.08,59.1,36.8,63.3,12.7,39.4,0.9,53.9
2017-04,Shenzhen,深圳,22.54,114.06,45.6,28.2,46.6,8.8,36.2,0.7,57.9
2017-04,Zhaoqing,肇庆,23.05,112.47,67.5,46.8,71.7,16.3,43.6,1.0,42.9
2017-04,Zhongshan,中山,22.52,113.38,49.6,30.2,48.3,8.0,33.8,0.8,54.3
2017-04,Zhuhai,珠海,22.27,113.58,41.7,26.9,39.8,7.2,37.1,0.7,53.0
2017-05,Dongguan,东莞,23.02,113.75,65.9,44.1,59.5,12.9,38.2,0.9,84.4
2017-05,Foshan,佛山,23.02,113.12,72.3,44.4,75.2,11.7,42.5,0.8,89.6
2017-05,Guangzhou,广州,23.13,113.26,62.4,37.2,63.7,12.7,52.5,0.8,75.9
2017-05,Huizhou,惠州,23.11,114.42,50.9,29.1,54.3,8.0,22.1,0.8,78.1
2017-05,Jiangmen,江门,22.58,113.08,63.6,38.3,65.9,12.2,32.2,0.8,91.9
2017-05,Shenzhen,深圳,22.54,114.06,44.7,28.4,44.3,8.0,29.6,0.8,76.2
2017-05,Zhaoqing,肇庆,23.05,112.47,64.4,41.6,66.0,16.1,36.4,0.9,79.2
2017-05,Zhongshan,中山,22.52,113.38,55.9,33.7,51.1,9.4,30.0,0.8,85.0
2017-05,Zhuhai,珠海,22.27,113.58,44.2,28.3,41.7,7.8,31.0,0.7,67.4
2017-06,Dongguan,东莞,23.02,113.75,32.2,18.1,31.4,8.8,30.3,0.8,42.4
2017-06,Foshan,佛山,23.02,113.12,37.0,19.7,37.4,9.3,26.7,0.7,46.4
2017-06,Guangzhou,广州,23.13,113.26,36.3,18.2,35.7,9.9,39.3,0.7,37.7
2017-06,Huizhou,惠州,23.11,114.42,31.1,13.5,30.8,5.9,19.3,0.6,37.3
2017-06,Jiangmen,江门,22.58,113.08,31.9,15.2,32.0,6.4,14.7,0.6,39.3
2017-06,Shenzhen,深圳,22.54,114.06,22.3,11.8,22.0,6.9,23.6,0.6,34.7
2017-06,Zhaoqing,肇庆,23.05,112.47,41.2,22.6,40.0,11.1,26.1,0.8,43.1
2017-06,Zhongshan,中山,22.52,113.38,21.8,10.7,21.4,5.8,11.8,0.7,41.9
2017-06,Zhuhai,珠海,22.27,113.58,18.5,9.8,18.1,2.8,11.8,0.5,38.4
2017-07,Dongguan,东莞,23.02,113.75,37.0,22.1,35.8,10.9,32.5,0.8,44.8
2017-07,Foshan,佛山,23.02,113.12,42.6,24.0,40.2,10.4,34.2,0.8,51.8
2017-07,Guangzhou,广州,23.13,113.26,38.9,20.9,36.9,12.0,40.8,0.8,44.6
2017-07,Huizhou,惠州,23.11,114.42,32.5,15.6,34.0,7.2,17.9,0.6,40.5
2017-07,Jiangmen,江门,22.58,113.08,39.4,20.4,38.4,9.0,25.0,0.6,46.1
2017-07,Shenzhen,深圳,22.54,114.06,23.4,13.3,23.1,7.0,22.7,0.6,38.9
2017-07,Zhaoqing,肇庆,23.05,112.47,46.7,27.0,44.4,13.0,33.9,0.9,55.3
2017-07,Zhongshan,中山,22.52,113.38,28.9,14.5,26.5,7.2,22.4,0.7,42.3
2017-07,Zhuhai,珠海,22.27,113.58,22.8,12.9,20.5,6.1,22.4,0.5,36.8
2017-08,Dongguan,东莞,23.02,113.75,40.1,23.4,36.3,10.8,32.4,0.8,60.5
2017-08,Foshan,佛山,23.02,113.12,37.5,20.6,36.9,11.3,26.9,0.6,51.4
2017-08,Guangzhou,广州,23.13,113.26,40.7,22.1,39.9,11.2,38.3,0.8,49.7
2017-08,Huizhou,惠州,23.11,114.42,40.8,20.1,41.8,8.0,23.2,0.6,57.6
2017-08,Jiangmen,江门,22.58,113.08,35.5,17.2,35.6,8.0,20.1,0.5,48.7
2017-08,Shenzhen,深圳,22.54,114.06,33.9,18.8,32.4,8.1,28.6,0.7,53.1
2017-08,Zhaoqing,肇庆,23.05,112.47,36.0,18.8,36.0,12.3,23.8,0.8,46.9
2017-08,Zhongshan,中山,22.52,113.38,32.9,16.7,29.9,7.8,16.8,0.7,56.4
2017-08,Zhuhai,珠海,22.27,113.58,27.9,17.2,26.4,5.0,16.1,0.5,49.0
2017-09,Dongguan,东莞,23.02,113.75,54.0,34.1,48.6,12.6,40.5,0.9,65.4
2017-09,Foshan,佛山,23.02,113.12,55.3,33.5,55.1,13.8,40.0,0.8,62.7
2017-09,Guangzhou,广州,23.13,113.26,57.4,34.0,57.0,13.2,50.8,0.9,58.2
2017-09,Huizhou,惠州,23.11,114.42,45.3,23.5,46.8,8.5,24.3,0.7,58.6
2017-09,Jiangmen,江门,22.58,113.08,53.0,29.4,51.8,12.4,28.5,0.8,68.3
2017-09,Shenzhen,深圳,22.54,114.06,39.1,24.5,39.0,7.3,28.1,0.7,57.0
2017-09,Zhaoqing,肇庆,23.05,112.47,54.4,35.4,54.7,12.8,35.6,1.0,59.8
2017-09,Zhongshan,中山,22.52,113.38,44.3,26.0,39.3,10.0,23.1,0.8,66.1
2017-09,Zhuhai,珠海,22.27,113.58,33.7,21.6,32.6,6.7,22.4,0.6,59.5
2017-10,Dongguan,东莞,23.02,113.75,52.2,35.9,49.0,11.7,30.7,0.9,73.0
2017-10,Foshan,佛山,23.02,113.12,56.3,36.0,59.3,13.1,39.6,0.8,69.4
2017-10,Guangzhou,广州,23.13,113.26,48.9,31.8,50.8,10.7,42.1,0.9,63.3
2017-10,Huizhou,惠州,23.11,114.42,49.0,30.0,52.6,9.0,20.4,0.8,75.6
2017-10,Jiangmen,江门,22.58,113.08,61.8,36.7,61.6,12.2,39.1,0.9,81.2
2017-10,Shenzhen,深圳,22.54,114.06,46.2,29.8,47.9,7.5,21.2,0.8,77.1
2017-10,Zhaoqing,肇庆,23.05,112.47,54.6,37.4,55.7,11.1,35.7,1.0,73.1
2017-10,Zhongshan,中山,22.52,113.38,53.2,32.2,51.1,13.1,35.1,0.9,77.7
2017-10,Zhuhai,珠海,22.27,113.58,52.0,32.5,50.2,8.7,24.9,0.7,94.5
2017-11,Dongguan,东莞,23.02,113.75,59.6,42.6,55.0,11.4,42.1,1.0,46.6
2017-11,Foshan,佛山,23.02,113.12,62.6,43.3,69.1,14.3,52.2,0.9,38.1
2017-11,Guangzhou,广州,23.13,113.26,57.2,39.4,61.7,10.5,52.3,1.0,40.5
2017-11,Huizhou,惠州,23.11,114.42,56.0,37.9,59.4,10.2,30.2,0.9,55.7
2017-11,Jiangmen,江门,22.58,113.08,73.0,50.5,81.2,14.7,53.0,1.0,46.7
2017-11,Shenzhen,深圳,22.54,114.06,53.0,35.7,56.9,8.1,32.7,0.8,63.8
2017-11,Zhaoqing,肇庆,23.05,112.47,60.9,43.7,62.2,12.6,40.1,1.0,42.8
2017-11,Zhongshan,中山,22.52,113.38,62.8,43.6,64.4,12.4,54.4,1.0,43.0
2017-11,Zhuhai,珠海,22.27,113.58,62.2,41.9,63.2,9.9,42.5,0.8,73.8
2017-12,Dongguan,东莞,23.02,113.75,76.4,56.2,75.5,18.2,55.0,1.1,52.2
2017-12,Foshan,佛山,23.02,113.12,82.1,58.8,95.6,22.0,67.6,1.0,38.3
2017-12,Guangzhou,广州,23.13,113.26,73.1,52.5,81.3,16.6,66.8,1.0,41.5
2017-12,Huizhou,惠州,23.11,114.42,69.7,48.9,76.5,12.4,37.3,1.1,62.2
2017-12,Jiangmen,江门,22.58,113.08,91.4,64.9,101.0,20.0,71.4,1.1,44.9
2017-12,Shenzhen,深圳,22.54,114.06,64.0,44.3,72.6,10.3,34.6,0.8,72.8
2017-12,Zhaoqing,肇庆,23.05,112.47,75.8,54.8,78.3,19.2,51.2,1.1,48.7
2017-12,Zhongshan,中山,22.52,113.38,80.4,57.8,80.1,15.3,64.5,1.0,52.7
2017-12,Zhuhai,珠海,22.27,113.58,75.9,52.5,79.1,13.1,47.4,0.8,80.3
2018-01,Dongguan,东莞,23.02,113.75,82.5,60.4,75.5,14.3,59.8,1.1,49.5
2018-01,Foshan,佛山,23.02,113.12,85.7,62.1,100.0,17.0,67.8,1.1,36.2
2018-01,Guangzhou,广州,23.13,113.26,87.5,64.2,86.6,13.7,76.8,1.2,33.1
2018-01,Huizhou,惠州,23.11,114.42,60.0,41.9,60.5,8.9,35.1,1.1,55.1
2018-01,Jiangmen,江门,22.58,113.08,79.6,57.3,85.1,13.5,60.9,1.1,44.8
2018-01,Shenzhen,深圳,22.54,114.06,54.5,36.6,57.4,7.8,34.2,0.8,63.3
2018-01,Zhaoqing,肇庆,23.05,112.47,93.2,68.9,90.0,15.1,58.2,1.2,35.1
2018-01,Zhongshan,中山,22.52,113.38,64.4,45.1,60.9,11.3,56.4,0.9,40.3
2018-01,Zhuhai,珠海,22.27,113.58,61.0,41.7,57.5,12.0,48.3,0.8,62.5
2018-02,Dongguan,东莞,23.02,113.75,59.5,42.6,52.0,9.5,29.9,0.9,63.4
2018-02,Foshan,佛山,23.02,113.12,59.0,40.9,60.2,8.0,30.2,0.7,57.2
2018-02,Guangzhou,广州,23.13,113.26,56.9,40.4,53.5,10.0,40.6,0.7,56.2
2018-02,Huizhou,惠州,23.11,114.42,54.3,37.7,52.7,8.5,21.1,0.7,66.6
2018-02,Jiangmen,江门,22.58,113.08,57.5,39.3,56.8,8.6,30.3,0.7,57.9
2018-02,Shenzhen,深圳,22.54,114.06,51.3,34.8,51.6,7.7,23.3,0.7,67.0
2018-02,Zhaoqing,肇庆,23.05,112.47,61.7,44.2,56.1,8.5,24.7,0.9,59.1
2018-02,Zhongshan,中山,22.52,113.38,54.2,37.8,48.4,8.8,31.9,0.7,50.2
2018-02,Zhuhai,珠海,22.27,113.58,56.2,38.4,56.9,9.6,28.7,0.7,67.0
2018-03,Dongguan,东莞,23.02,113.75,71.3,48.7,63.9,12.9,51.3,0.9,72.7
2018-03,Foshan,佛山,23.02,113.12,65.3,40.9,72.0,11.6,48.6,0.8,64.0
2018-03,Guangzhou,广州,23.13,113.26,69.4,47.1,70.4,14.0,66.2,0.8,55.7
2018-03,Huizhou,惠州,23.11,114.42,51.6,31.8,53.2,8.3,28.2,0.6,78.1
2018-03,Jiangmen,江门,22.58,113.08,57.9,35.3,59.6,11.0,33.7,0.7,74.3
2018-03,Shenzhen,深圳,22.54,114.06,48.1,29.7,49.3,7.8,32.5,0.6,73.6
2018-03,Zhaoqing,肇庆,23.05,112.47,65.3,45.7,66.2,17.5,39.0,0.9,60.6
2018-03,Zhongshan,中山,22.52,113.38,46.6,29.1,47.1,9.7,33.2,0.7,64.4
2018-03,Zhuhai,珠海,22.27,113.58,45.8,28.8,44.6,7.3,35.6,0.6,75.4
2018-04,Dongguan,东莞,23.02,113.75,60.5,41.7,59.6,11.9,42.2,0.9,49.5
2018-04,Foshan,佛山,23.02,113.12,61.6,37.2,72.2,10.8,42.6,0.8,49.8
2018-04,Guangzhou,广州,23.13,113.26,63.3,41.1,66.9,11.9,53.8,0.9,44.2
2018-04,Huizhou,惠州,23.11,114.42,52.7,31.5,58.0,7.7,26.6,0.6,64.3
2018-04,Jiangmen,江门,22.58,113.08,57.7,33.8,68.8,10.4,32.4,0.8,54.9
2018-04,Shenzhen,深圳,22.54,114.06,49.6,30.1,54.0,7.4,30.3,0.7,60.1
2018-04,Zhaoqing,肇庆,23.05,112.47,59.2,39.3,64.7,16.7,33.6,0.9,55.1
2018-04,Zhongshan,中山,22.52,113.38,48.8,30.2,51.2,8.7,28.3,0.7,51.8
2018-04,Zhuhai,珠海,22.27,113.58,50.6,30.3,51.7,5.9,30.6,0.6,65.4
2018-05,Dongguan,东莞,23.02,113.75,39.7,24.6,38.4,7.3,26.8,0.6,59.7
2018-05,Foshan,佛山,23.02,113.12,42.7,22.6,43.2,10.1,26.9,0.7,58.2
2018-05,Guangzhou,广州,23.13,113.26,45.9,25.4,44.0,10.3,40.0,0.7,57.9
2018-05,Huizhou,惠州,23.11,114.42,42.7,22.4,44.1,7.3,21.9,0.6,63.9
2018-05,Jiangmen,江门,22.58,113.08,39.0,19.1,39.6,8.4,19.4,0.6,52.5
2018-05,Shenzhen,深圳,22.54,114.06,32.2,18.0,31.8,7.2,25.0,0.5,54.8
2018-05,Zhaoqing,肇庆,23.05,112.47,39.9,23.1,40.6,11.3,23.0,0.7,55.9
2018-05,Zhongshan,中山,22.52,113.38,33.7,19.0,31.8,7.2,14.8,0.6,59.3
2018-05,Zhuhai,珠海,22.27,113.58,29.6,15.7,28.3,4.2,15.6,0.5,60.7
2018-06,Dongguan,东莞,23.02,113.75,39.9,23.6,38.5,7.9,30.7,0.7,62.9
2018-06,Foshan,佛山,23.02,113.12,45.5,22.7,41.9,8.5,31.9,0.7,71.8
2018-06,Guangzhou,广州,23.13,113.26,43.2,22.8,39.0,8.3,41.6,0.7,62.2
2018-06,Huizhou,惠州,23.11,114.42,35.5,17.1,35.2,6.8,20.0,0.6,64.3
2018-06,Jiangmen,江门,22.58,113.08,44.5,19.4,40.2,8.3,22.7,0.7,76.5
2018-06,Shenzhen,深圳,22.54,114.06,32.4,17.2,30.3,6.6,25.2,0.6,65.0
2018-06,Zhaoqing,肇庆,23.05,112.47,48.1,28.6,44.2,9.5,26.4,0.8,69.6
2018-06,Zhongshan,中山,22.52,113.38,40.0,19.0,32.9,7.2,18.4,0.6,78.1
2018-06,Zhuhai,珠海,22.27,113.58,37.1,17.0,30.8,4.4,18.1,0.6,81.0
2018-07,Dongguan,东莞,23.02,113.75,40.5,22.1,38.6,8.0,32.0,0.6,48.5
2018-07,Foshan,佛山,23.02,113.12,40.8,20.9,39.5,9.1,31.8,0.6,49.9
2018-07,Guangzhou,广州,23.13,113.26,40.9,21.2,40.3,8.8,38.7,0.7,45.1
2018-07,Huizhou,惠州,23.11,114.42,37.3,17.6,36.7,8.0,20.3,0.6,49.7
2018-07,Jiangmen,江门,22.58,113.08,38.6,17.3,38.3,7.1,22.6,0.6,46.9
2018-07,Shenzhen,深圳,22.54,114.06,27.3,13.6,27.0,6.9,24.1,0.5,42.1
2018-07,Zhaoqing,肇庆,23.05,112.47,49.0,29.0,47.8,11.7,30.2,0.7,55.4
2018-07,Zhongshan,中山,22.52,113.38,30.1,15.7,26.6,6.5,15.1,0.6,48.8
2018-07,Zhuhai,珠海,22.27,113.58,24.8,12.1,24.1,4.1,15.5,0.5,44.4
2018-08,Dongguan,东莞,23.02,113.75,44.0,26.4,41.4,7.2,34.2,0.8,68.7
2018-08,Foshan,佛山,23.02,113.12,45.5,26.8,43.7,9.1,33.1,0.7,67.8
2018-08,Guangzhou,广州,23.13,113.26,47.1,26.4,44.5,7.9,44.4,0.8,65.0
2018-08,Huizhou,惠州,23.11,114.42,37.3,19.7,36.0,8.1,19.4,0.7,64.5
2018-08,Jiangmen,江门,22.58,113.08,47.6,23.4,45.5,6.4,25.3,0.8,70.9
2018-08,Shenzhen,深圳,22.54,114.06,34.3,18.6,31.5,6.9,28.5,0.6,61.9
2018-08,Zhaoqing,肇庆,23.05,112.47,44.0,26.9,43.2,10.6,25.6,0.8,59.4
2018-08,Zhongshan,中山,22.52,113.38,42.3,21.8,36.4,8.2,18.3,0.8,80.0
2018-08,Zhuhai,珠海,22.27,113.58,35.5,17.0,28.5,4.6,17.7,0.6,76.2
2018-09,Dongguan,东莞,23.02,113.75,43.9,27.7,41.3,7.9,29.1,0.6,65.7
2018-09,Foshan,佛山,23.02,113.12,48.3,30.0,48.9,9.9,30.0,0.7,70.6
2018-09,Guangzhou,广州,23.13,113.26,46.8,29.2,44.5,8.1,36.5,0.7,67.0
2018-09,Huizhou,惠州,23.11,114.42,40.6,22.9,40.6,8.1,17.1,0.6,69.0
2018-09,Jiangmen,江门,22.58,113.08,47.6,24.4,47.9,6.9,23.7,0.7,73.4
2018-09,Shenzhen,深圳,22.54,114.06,35.2,21.9,35.4,7.2,26.3,0.5,57.0
2018-09,Zhaoqing,肇庆,23.05,112.47,48.4,31.0,47.6,9.3,26.8,0.7,69.4
2018-09,Zhongshan,中山,22.52,113.38,40.8,24.5,38.6,6.7,19.2,0.7,69.3
2018-09,Zhuhai,珠海,22.27,113.58,37.1,20.4,33.1,5.0,20.5,0.6,76.4
2018-10,Dongguan,东莞,23.02,113.75,53.8,35.5,53.1,10.3,37.1,0.7,70.8
2018-10,Foshan,佛山,23.02,113.12,58.3,34.1,62.3,12.1,40.5,0.7,69.2
2018-10,Guangzhou,广州,23.13,113.26,53.3,32.9,54.8,10.0,47.5,0.7,63.6
2018-10,Huizhou,惠州,23.11,114.42,47.4,27.6,49.4,8.7,19.3,0.6,88.5
2018-10,Jiangmen,江门,22.58,113.08,59.0,30.4,60.7,10.3,37.6,0.8,78.9
2018-10,Shenzhen,深圳,22.54,114.06,45.6,26.6,46.7,7.6,23.9,0.6,85.2
2018-10,Zhaoqing,肇庆,23.05,112.47,58.9,39.5,58.6,13.2,39.0,0.8,67.4
2018-10,Zhongshan,中山,22.52,113.38,56.0,33.2,52.3,10.3,34.0,0.7,75.8
2018-10,Zhuhai,珠海,22.27,113.58,53.0,29.2,49.9,7.7,29.8,0.7,98.8
2018-11,Dongguan,东莞,23.02,113.75,60.7,42.8,59.8,10.6,40.5,0.9,47.5
2018-11,Foshan,佛山,23.02,113.12,63.4,42.8,72.7,10.6,48.4,0.8,43.0
2018-11,Guangzhou,广州,23.13,113.26,58.5,40.6,60.7,7.7,49.3,0.9,42.5
2018-11,Huizhou,惠州,23.11,114.42,46.6,28.7,47.9,8.9,24.1,0.7,58.2
2018-11,Jiangmen,江门,22.58,113.08,60.6,37.5,69.3,10.0,48.6,0.9,49.3
2018-11,Shenzhen,深圳,22.54,114.06,45.9,29.3,47.8,6.6,27.7,0.6,58.3
2018-11,Zhaoqing,肇庆,23.05,112.47,64.1,46.1,62.2,13.6,41.7,0.9,48.4
2018-11,Zhongshan,中山,22.52,113.38,57.2,39.3,57.8,9.5,45.1,0.8,44.1
2018-11,Zhuhai,珠海,22.27,113.58,51.5,34.6,53.2,6.5,40.1,0.7,54.5
2018-12,Dongguan,东莞,23.02,113.75,46.4,31.7,46.3,8.7,36.8,0.8,30.8
2018-12,Foshan,佛山,23.02,113.12,52.2,32.2,61.6,8.8,43.3,0.8,24.6
2018-12,Guangzhou,广州,23.13,113.26,46.9,31.5,49.9,7.4,43.0,0.8,29.6
2018-12,Huizhou,惠州,23.11,114.42,42.2,24.8,44.0,9.2,21.0,0.7,40.4
2018-12,Jiangmen,江门,22.58,113.08,47.7,27.6,52.1,6.5,38.7,0.8,28.9
2018-12,Shenzhen,深圳,22.54,114.06,42.3,23.3,44.2,6.2,30.3,0.6,38.1
2018-12,Zhaoqing,肇庆,23.05,112.47,60.6,43.1,56.6,10.7,44.6,0.9,29.2
2018-12,Zhongshan,中山,22.52,113.38,44.8,28.0,44.6,7.9,39.3,0.9,24.2
2018-12,Zhuhai,珠海,22.27,113.58,45.1,28.2,46.3,8.1,38.3,0.7,44.6
2019-01,Dongguan,东莞,23.02,113.75,68.7,50.1,63.8,10.3,45.3,1.1,40.1
2019-01,Foshan,佛山,23.02,113.12,70.6,48.9,86.9,10.4,52.8,1.1,31.8
2019-01,Guangzhou,广州,23.13,113.26,72.1,52.5,74.7,6.9,56.3,1.2,33.0
2019-01,Huizhou,惠州,23.11,114.42,58.2,39.9,60.3,9.2,33.5,1.0,47.1
2019-01,Jiangmen,江门,22.58,113.08,72.1,49.4,86.2,7.6,53.5,1.2,37.0
2019-01,Shenzhen,深圳,22.54,114.06,54.4,35.8,59.0,6.3,34.4,0.8,50.8
2019-01,Zhaoqing,肇庆,23.05,112.47,70.7,51.8,62.2,8.0,43.2,1.0,35.3
2019-01,Zhongshan,中山,22.52,113.38,81.1,58.8,74.6,8.1,57.6,1.1,34.2
2019-01,Zhuhai,珠海,22.27,113.58,68.5,47.1,77.9,8.0,52.0,1.0,46.6
2019-02,Dongguan,东莞,23.02,113.75,38.3,26.4,33.1,6.8,24.7,0.7,43.8
2019-02,Foshan,佛山,23.02,113.12,46.1,27.9,52.1,5.7,31.0,0.9,29.1
2019-02,Guangzhou,广州,23.13,113.26,40.3,25.8,42.7,4.9,36.4,0.9,32.0
2019-02,Huizhou,惠州,23.11,114.42,35.4,23.3,32.8,7.3,15.5,0.7,54.1
2019-02,Jiangmen,江门,22.58,113.08,35.7,21.5,36.4,5.1,21.6,0.9,37.6
2019-02,Shenzhen,深圳,22.54,114.06,31.2,19.3,30.5,4.5,18.1,0.6,50.3
2019-02,Zhaoqing,肇庆,23.05,112.47,50.5,35.2,45.6,6.9,25.9,0.9,30.4
2019-02,Zhongshan,中山,22.52,113.38,35.1,22.6,34.1,5.0,20.9,0.8,38.3
2019-02,Zhuhai,珠海,22.27,113.58,34.7,21.4,33.9,5.0,23.7,0.8,48.3
2019-03,Dongguan,东莞,23.02,113.75,46.9,30.9,44.9,8.6,42.3,0.8,40.0
2019-03,Foshan,佛山,23.02,113.12,49.2,29.3,54.1,9.1,50.1,0.9,28.1
2019-03,Guangzhou,广州,23.13,113.26,46.8,27.6,51.1,6.4,54.1,0.9,28.7
2019-03,Huizhou,惠州,23.11,114.42,42.3,24.7,43.8,6.4,24.0,0.7,61.9
2019-03,Jiangmen,江门,22.58,113.08,44.6,26.2,46.7,6.5,37.2,0.8,36.7
2019-03,Shenzhen,深圳,22.54,114.06,37.1,23.0,37.3,4.0,23.7,0.6,63.2
2019-03,Zhaoqing,肇庆,23.05,112.47,49.7,33.8,49.5,10.2,41.5,0.9,29.2
2019-03,Zhongshan,中山,22.52,113.38,38.8,25.1,37.0,5.5,31.7,0.7,40.7
2019-03,Zhuhai,珠海,22.27,113.58,38.7,24.2,37.7,5.4,33.7,0.7,52.7
2019-04,Dongguan,东莞,23.02,113.75,41.4,26.3,39.6,8.9,34.6,0.8,52.2
2019-04,Foshan,佛山,23.02,113.12,41.7,22.8,42.3,7.2,39.4,0.8,35.5
2019-04,Guangzhou,广州,23.13,113.26,39.6,22.6,39.0,6.0,45.1,0.8,37.7
2019-04,Huizhou,惠州,23.11,114.42,39.0,20.2,38.5,6.0,24.8,0.7,61.9
2019-04,Jiangmen,江门,22.58,113.08,36.2,20.5,35.5,4.7,25.8,0.7,42.4
2019-04,Shenzhen,深圳,22.54,114.06,32.3,18.7,31.2,4.0,21.5,0.6,62.5
2019-04,Zhaoqing,肇庆,23.05,112.47,42.8,26.4,42.9,8.8,35.4,0.9,31.2
2019-04,Zhongshan,中山,22.52,113.38,31.5,18.4,30.1,5.3,18.7,0.6,50.8
2019-04,Zhuhai,珠海,22.27,113.58,29.1,17.6,27.6,3.7,21.5,0.6,59.9
2019-05,Dongguan,东莞,23.02,113.75,41.4,22.7,41.7,9.1,30.8,0.7,61.7
2019-05,Foshan,佛山,23.02,113.12,41.8,22.2,43.3,6.1,36.8,0.8,50.0
2019-05,Guangzhou,广州,23.13,113.26,41.4,21.8,42.0,5.8,41.1,0.7,48.9
2019-05,Huizhou,惠州,23.11,114.42,37.6,17.0,38.2,6.1,17.7,0.5,69.1
2019-05,Jiangmen,江门,22.58,113.08,37.4,19.2,36.7,5.8,22.7,0.6,52.4
2019-05,Shenzhen,深圳,22.54,114.06,32.7,16.6,32.0,4.1,21.0,0.6,63.7
2019-05,Zhaoqing,肇庆,23.05,112.47,42.0,24.1,40.3,7.4,28.0,0.8,52.3
2019-05,Zhongshan,中山,22.52,113.38,33.1,16.9,32.1,3.8,20.9,0.6,50.9
2019-05,Zhuhai,珠海,22.27,113.58,29.3,15.2,26.6,4.1,21.9,0.6,64.4
2019-06,Dongguan,东莞,23.02,113.75,30.7,14.8,26.7,7.6,27.4,0.7,54.3
2019-06,Foshan,佛山,23.02,113.12,32.9,14.5,29.9,6.3,29.7,0.7,51.0
2019-06,Guangzhou,广州,23.13,113.26,33.3,15.6,29.3,5.3,34.8,0.7,49.6
2019-06,Huizhou,惠州,23.11,114.42,27.5,11.5,26.6,5.6,18.6,0.6,48.0
2019-06,Jiangmen,江门,22.58,113.08,30.0,13.2,28.1,5.3,18.1,0.6,45.3
2019-06,Shenzhen,深圳,22.54,114.06,21.1,10.1,20.0,4.3,19.1,0.5,45.0
2019-06,Zhaoqing,肇庆,23.05,112.47,34.5,16.4,32.6,8.5,21.5,0.7,52.4
2019-06,Zhongshan,中山,22.52,113.38,23.1,10.8,19.7,2.7,14.4,0.6,51.2
2019-06,Zhuhai,珠海,22.27,113.58,20.0,9.3,17.2,3.5,14.8,0.6,50.9
2019-07,Dongguan,东莞,23.02,113.75,35.3,18.2,34.0,7.2,26.5,0.7,57.2
2019-07,Foshan,佛山,23.02,113.12,33.7,16.9,33.6,6.9,26.6,0.7,44.9
2019-07,Guangzhou,广州,23.13,113.26,35.2,17.9,35.2,5.4,30.4,0.6,45.3
2019-07,Huizhou,惠州,23.11,114.42,34.6,14.8,35.0,6.2,18.4,0.5,51.5
2019-07,Jiangmen,江门,22.58,113.08,30.8,14.5,30.2,5.3,15.1,0.6,49.0
2019-07,Shenzhen,深圳,22.54,114.06,29.0,14.8,28.4,4.5,19.5,0.5,48.9
2019-07,Zhaoqing,肇庆,23.05,112.47,33.9,17.9,33.7,8.0,21.5,0.6,46.2
2019-07,Zhongshan,中山,22.52,113.38,27.5,13.8,26.0,3.9,11.8,0.6,52.1
2019-07,Zhuhai,珠海,22.27,113.58,24.7,13.6,23.6,3.8,13.4,0.5,50.9
2019-08,Dongguan,东莞,23.02,113.75,45.0,24.4,37.1,7.1,30.7,0.7,73.8
2019-08,Foshan,佛山,23.02,113.12,43.5,22.6,40.6,8.4,30.4,0.8,69.4
2019-08,Guangzhou,广州,23.13,113.26,43.8,22.9,40.8,6.8,37.8,0.7,63.1
2019-08,Huizhou,惠州,23.11,114.42,36.4,17.4,35.5,6.9,20.7,0.6,59.3
2019-08,Jiangmen,江门,22.58,113.08,36.0,17.1,31.5,5.7,20.8,0.6,66.4
2019-08,Shenzhen,深圳,22.54,114.06,31.0,16.7,28.8,4.2,20.8,0.6,61.3
2019-08,Zhaoqing,肇庆,23.05,112.47,43.6,24.8,40.4,9.0,25.7,0.7,69.6
2019-08,Zhongshan,中山,22.52,113.38,32.8,17.1,26.8,5.5,17.8,0.6,64.9
2019-08,Zhuhai,珠海,22.27,113.58,25.6,14.0,22.8,4.9,16.9,0.5,57.8
2019-09,Dongguan,东莞,23.02,113.75,55.3,31.4,48.4,8.9,36.2,0.7,91.8
2019-09,Foshan,佛山,23.02,113.12,57.0,29.0,54.4,9.5,33.5,0.7,94.9
2019-09,Guangzhou,广州,23.13,113.26,51.5,27.7,50.2,7.2,38.6,0.7,85.6
2019-09,Huizhou,惠州,23.11,114.42,43.6,22.1,46.1,8.2,19.9,0.6,85.2
2019-09,Jiangmen,江门,22.58,113.08,57.0,26.5,46.4,7.9,24.1,0.7,115.9
2019-09,Shenzhen,深圳,22.54,114.06,42.2,23.0,40.0,5.2,21.3,0.6,91.2
2019-09,Zhaoqing,肇庆,23.05,112.47,49.8,28.8,47.6,9.6,27.6,0.8,91.4
2019-09,Zhongshan,中山,22.52,113.38,53.5,26.3,43.5,5.8,25.2,0.6,108.1
2019-09,Zhuhai,珠海,22.27,113.58,44.2,23.5,37.4,4.5,18.2,0.5,102.3
2019-10,Dongguan,东莞,23.02,113.75,64.6,39.9,60.7,12.2,34.8,0.8,98.0
2019-10,Foshan,佛山,23.02,113.12,62.5,35.9,65.7,11.5,38.9,0.8,85.6
2019-10,Guangzhou,广州,23.13,113.26,63.2,37.8,65.3,8.8,42.8,0.8,84.8
2019-10,Huizhou,惠州,23.11,114.42,57.0,32.5,62.3,9.2,24.9,0.7,92.7
2019-10,Jiangmen,江门,22.58,113.08,60.3,33.6,59.6,9.2,32.6,0.8,96.6
2019-10,Shenzhen,深圳,22.54,114.06,53.8,33.1,55.5,6.3,24.8,0.7,99.4
2019-10,Zhaoqing,肇庆,23.05,112.47,55.9,34.9,57.7,11.4,33.3,0.9,78.7
2019-10,Zhongshan,中山,22.52,113.38,57.4,34.4,56.9,7.7,35.6,0.7,93.3
2019-10,Zhuhai,珠海,22.27,113.58,50.9,31.0,51.3,5.5,22.9,0.7,102.2
2019-11,Dongguan,东莞,23.02,113.75,74.5,50.7,81.6,14.6,50.9,0.8,80.3
2019-11,Foshan,佛山,23.02,113.12,75.3,46.7,93.5,14.1,60.9,0.9,77.1
2019-11,Guangzhou,广州,23.13,113.26,70.3,44.1,86.2,10.0,61.9,0.9,73.4
2019-11,Huizhou,惠州,23.11,114.42,65.7,39.6,79.0,10.9,36.6,0.7,77.7
2019-11,Jiangmen,江门,22.58,113.08,74.8,42.6,85.7,12.0,56.4,0.9,94.7
2019-11,Shenzhen,深圳,22.54,114.06,61.4,37.6,72.0,7.0,33.2,0.6,89.8
2019-11,Zhaoqing,肇庆,23.05,112.47,67.3,45.1,71.3,12.9,51.2,0.8,81.6
2019-11,Zhongshan,中山,22.52,113.38,73.3,46.3,78.2,8.9,53.8,0.8,84.4
2019-11,Zhuhai,珠海,22.27,113.58,63.7,40.4,69.9,6.2,35.0,0.6,95.5
2019-12,Dongguan,东莞,23.02,113.75,68.5,47.9,72.4,13.5,54.5,0.8,56.1
2019-12,Foshan,佛山,23.02,113.12,71.2,44.9,90.3,13.2,69.0,1.0,46.2
2019-12,Guangzhou,广州,23.13,113.26,66.2,41.4,83.6,9.7,69.5,0.9,46.3
2019-12,Huizhou,惠州,23.11,114.42,61.0,37.1,67.1,9.9,35.3,0.7,56.7
2019-12,Jiangmen,江门,22.58,113.08,62.0,36.4,74.4,9.3,61.3,0.9,56.3
2019-12,Shenzhen,深圳,22.54,114.06,54.8,32.8,60.5,7.0,37.7,0.7,56.2
2019-12,Zhaoqing,肇庆,23.05,112.47,73.2,51.3,78.9,14.3,56.0,1.0,54.9
2019-12,Zhongshan,中山,22.52,113.38,59.2,38.6,59.1,8.4,57.9,0.7,48.5
2019-12,Zhuhai,珠海,22.27,113.58,54.5,32.5,61.7,6.7,44.2,0.6,60.9
2020-01,Dongguan,东莞,23.02,113.75,53.3,37.3,44.0,8.5,34.9,0.8,51.0
2020-01,Foshan,佛山,23.02,113.12,45.8,27.0,51.7,7.6,37.3,0.9,40.1
2020-01,Guangzhou,广州,23.13,113.26,45.2,27.8,50.0,6.1,43.7,0.9,39.1
2020-01,Huizhou,惠州,23.11,114.42,44.8,27.1,42.9,6.9,21.1,0.8,60.0
2020-01,Jiangmen,江门,22.58,113.08,43.1,24.5,44.9,5.0,33.2,0.9,50.8
2020-01,Shenzhen,深圳,22.54,114.06,39.8,25.1,41.1,5.3,24.3,0.7,55.4
2020-01,Zhaoqing,肇庆,23.05,112.47,50.5,34.9,49.0,7.2,32.6,0.9,42.7
2020-01,Zhongshan,中山,22.52,113.38,40.6,24.5,37.2,5.0,31.2,0.8,49.8
2020-01,Zhuhai,珠海,22.27,113.58,38.2,22.5,38.4,4.0,26.1,0.7,56.8
2020-02,Dongguan,东莞,23.02,113.75,41.6,28.4,31.2,8.5,19.3,0.6,59.2
2020-02,Foshan,佛山,23.02,113.12,35.3,22.2,33.1,5.8,25.0,0.6,49.7
2020-02,Guangzhou,广州,23.13,113.26,36.5,23.0,33.6,5.3,29.4,0.7,48.1
2020-02,Huizhou,惠州,23.11,114.42,31.7,19.1,27.3,6.1,11.5,0.6,58.1
2020-02,Jiangmen,江门,22.58,113.08,35.7,21.4,32.0,4.8,19.3,0.6,58.8
2020-02,Shenzhen,深圳,22.54,114.06,32.8,19.8,31.2,5.1,17.9,0.6,56.3
2020-02,Zhaoqing,肇庆,23.05,112.47,33.0,21.0,26.2,6.3,15.6,0.5,54.7
2020-02,Zhongshan,中山,22.52,113.38,34.1,21.1,27.3,3.7,17.8,0.6,55.7
2020-02,Zhuhai,珠海,22.27,113.58,34.5,20.5,32.1,3.9,18.8,0.6,59.4
2020-03,Dongguan,东莞,23.02,113.75,38.3,22.8,36.5,8.6,26.0,0.6,54.6
2020-03,Foshan,佛山,23.02,113.12,38.6,21.9,40.2,6.2,35.4,0.7,40.1
2020-03,Guangzhou,广州,23.13,113.26,38.8,21.9,40.3,6.5,38.2,0.7,43.2
2020-03,Huizhou,惠州,23.11,114.42,36.1,20.0,34.5,6.8,16.8,0.6,61.5
2020-03,Jiangmen,江门,22.58,113.08,38.5,20.2,39.9,6.4,30.8,0.7,48.6
2020-03,Shenzhen,深圳,22.54,114.06,34.5,19.3,34.8,5.3,22.8,0.6,55.7
2020-03,Zhaoqing,肇庆,23.05,112.47,40.1,24.4,41.2,10.6,28.6,0.7,38.6
2020-03,Zhongshan,中山,22.52,113.38,33.6,17.8,32.8,3.7,24.3,0.6,52.1
2020-03,Zhuhai,珠海,22.27,113.58,32.8,17.5,32.5,3.8,27.2,0.6,60.0
2020-04,Dongguan,东莞,23.02,113.75,42.6,25.7,38.8,9.6,30.9,0.6,63.6
2020-04,Foshan,佛山,23.02,113.12,44.9,23.9,45.3,8.4,36.5,0.7,58.5
2020-04,Guangzhou,广州,23.13,113.26,46.4,24.4,47.0,7.4,45.5,0.8,58.3
2020-04,Huizhou,惠州,23.11,114.42,40.3,20.7,40.9,7.9,21.1,0.6,68.3
2020-04,Jiangmen,江门,22.58,113.08,43.0,21.6,41.3,7.0,31.0,0.7,63.1
2020-04,Shenzhen,深圳,22.54,114.06,36.8,20.3,36.5,5.8,28.1,0.6,61.4
2020-04,Zhaoqing,肇庆,23.05,112.47,37.1,21.1,36.2,12.7,27.2,0.6,56.9
2020-04,Zhongshan,中山,22.52,113.38,40.6,22.0,38.2,5.0,31.1,0.6,55.1
2020-04,Zhuhai,珠海,22.27,113.58,37.8,19.6,36.9,4.7,31.6,0.6,60.7
2020-05,Dongguan,东莞,23.02,113.75,37.4,18.8,33.4,7.4,26.3,0.7,55.1
2020-05,Foshan,佛山,23.02,113.12,39.4,20.2,38.6,7.1,28.4,0.7,59.5
2020-05,Guangzhou,广州,23.13,113.26,40.7,19.5,38.8,6.4,34.1,0.7,61.2
2020-05,Huizhou,惠州,23.11,114.42,34.8,15.9,34.7,7.1,18.0,0.5,54.6
2020-05,Jiangmen,江门,22.58,113.08,39.7,19.6,37.8,5.7,18.2,0.7,65.4
2020-05,Shenzhen,深圳,22.54,114.06,27.7,14.5,27.4,5.1,23.4,0.6,46.6
2020-05,Zhaoqing,肇庆,23.05,112.47,36.2,19.2,35.1,11.5,23.0,0.5,53.4
2020-05,Zhongshan,中山,22.52,113.38,32.9,16.0,32.3,4.0,17.8,0.6,59.5
2020-05,Zhuhai,珠海,22.27,113.58,25.7,14.3,24.5,3.6,16.7,0.6,54.4
2020-06,Dongguan,东莞,23.02,113.75,22.7,9.5,19.7,5.9,19.9,0.5,40.6
2020-06,Foshan,佛山,23.02,113.12,24.8,9.6,23.4,6.5,21.2,0.5,41.5
2020-06,Guangzhou,广州,23.13,113.26,28.9,11.8,26.8,6.0,28.0,0.6,43.1
2020-06,Huizhou,惠州,23.11,114.42,23.8,8.5,23.2,6.3,15.3,0.4,40.0
2020-06,Jiangmen,江门,22.58,113.08,23.4,8.6,22.7,5.3,12.6,0.5,37.9
2020-06,Shenzhen,深圳,22.54,114.06,15.9,6.8,15.3,5.1,18.4,0.5,32.2
2020-06,Zhaoqing,肇庆,23.05,112.47,24.9,11.5,23.0,8.9,16.9,0.4,38.7
2020-06,Zhongshan,中山,22.52,113.38,18.3,6.2,17.5,3.4,8.4,0.5,41.4
2020-06,Zhuhai,珠海,22.27,113.58,14.6,6.5,13.2,3.0,10.3,0.5,38.7
2020-07,Dongguan,东莞,23.02,113.75,24.8,8.9,20.2,6.5,17.8,0.5,51.2
2020-07,Foshan,佛山,23.02,113.12,25.0,9.6,23.0,6.8,16.8,0.5,51.6
2020-07,Guangzhou,广州,23.13,113.26,30.6,11.2,26.9,6.2,23.5,0.6,55.4
2020-07,Huizhou,惠州,23.11,114.42,26.3,8.8,25.6,7.0,15.4,0.5,47.0
2020-07,Jiangmen,江门,22.58,113.08,21.2,7.4,20.4,6.1,10.7,0.5,42.5
2020-07,Shenzhen,深圳,22.54,114.06,16.4,7.5,15.8,5.7,17.5,0.5,32.8
2020-07,Zhaoqing,肇庆,23.05,112.47,26.6,13.0,24.7,10.3,15.7,0.4,48.7
2020-07,Zhongshan,中山,22.52,113.38,17.9,6.6,17.3,4.1,9.2,0.5,42.8
2020-07,Zhuhai,珠海,22.27,113.58,14.8,6.2,12.5,3.6,11.6,0.5,39.4
2020-08,Dongguan,东莞,23.02,113.75,32.7,15.3,26.8,6.8,23.0,0.6,53.4
2020-08,Foshan,佛山,23.02,113.12,32.1,15.6,29.3,6.9,23.7,0.5,53.8
2020-08,Guangzhou,广州,23.13,113.26,36.0,17.0,32.5,6.9,31.6,0.6,55.7
2020-08,Huizhou,惠州,23.11,114.42,29.7,12.9,29.4,7.4,15.1,0.5,46.6
2020-08,Jiangmen,江门,22.58,113.08,28.1,13.0,25.7,6.7,15.0,0.5,51.2
2020-08,Shenzhen,深圳,22.54,114.06,23.2,11.5,21.4,5.9,18.4,0.5,40.3
2020-08,Zhaoqing,肇庆,23.05,112.47,28.9,15.6,27.2,10.9,22.3,0.5,45.3
2020-08,Zhongshan,中山,22.52,113.38,25.6,11.6,22.6,3.4,14.8,0.5,43.5
2020-08,Zhuhai,珠海,22.27,113.58,19.5,10.0,15.9,3.9,15.3,0.4,48.2
2020-09,Dongguan,东莞,23.02,113.75,39.2,22.0,35.6,7.0,27.2,0.7,61.4
2020-09,Foshan,佛山,23.02,113.12,40.7,22.6,39.5,7.9,32.0,0.8,55.0
2020-09,Guangzhou,广州,23.13,113.26,38.9,21.3,38.3,7.1,37.4,0.8,55.4
2020-09,Huizhou,惠州,23.11,114.42,35.0,16.8,34.8,8.7,17.0,0.6,64.5
2020-09,Jiangmen,江门,22.58,113.08,43.9,20.2,40.6,8.5,25.5,0.8,67.8
2020-09,Shenzhen,深圳,22.54,114.06,30.0,16.4,28.0,5.7,22.3,0.6,60.3
2020-09,Zhaoqing,肇庆,23.05,112.47,36.6,22.3,35.4,9.6,26.1,0.5,53.4
2020-09,Zhongshan,中山,22.52,113.38,36.8,17.5,34.6,3.9,22.9,0.7,59.8
2020-09,Zhuhai,珠海,22.27,113.58,28.5,15.0,23.3,5.0,24.1,0.6,61.0
2020-10,Dongguan,东莞,23.02,113.75,45.2,27.1,44.8,9.5,23.1,0.6,77.9
2020-10,Foshan,佛山,23.02,113.12,48.5,27.5,51.7,8.6,31.3,0.7,69.9
2020-10,Guangzhou,广州,23.13,113.26,47.3,27.8,49.9,7.7,32.7,0.8,73.0
2020-10,Huizhou,惠州,23.11,114.42,46.8,24.9,49.1,10.9,17.2,0.6,82.0
2020-10,Jiangmen,江门,22.58,113.08,50.8,26.6,53.3,10.0,31.6,0.8,77.2
2020-10,Shenzhen,深圳,22.54,114.06,44.0,23.8,44.8,6.4,18.5,0.6,81.3
2020-10,Zhaoqing,肇庆,23.05,112.47,43.0,27.9,43.8,7.6,25.6,0.6,65.5
2020-10,Zhongshan,中山,22.52,113.38,49.3,26.4,50.3,7.1,29.2,0.6,77.7
2020-10,Zhuhai,珠海,22.27,113.58,44.6,22.8,43.6,6.0,24.5,0.5,86.5
2020-11,Dongguan,东莞,23.02,113.75,47.7,28.5,48.8,10.2,32.8,0.7,65.3
2020-11,Foshan,佛山,23.02,113.12,53.9,28.0,60.3,9.0,40.0,0.8,56.3
2020-11,Guangzhou,广州,23.13,113.26,51.1,28.3,56.5,8.5,43.3,0.8,60.4
2020-11,Huizhou,惠州,23.11,114.42,49.3,25.9,52.6,10.3,22.1,0.7,69.3
2020-11,Jiangmen,江门,22.58,113.08,54.6,27.9,58.2,10.7,41.2,0.9,69.1
2020-11,Shenzhen,深圳,22.54,114.06,48.5,26.3,52.1,6.8,26.3,0.7,69.3
2020-11,Zhaoqing,肇庆,23.05,112.47,44.0,26.5,45.3,8.6,32.6,0.7,59.2
2020-11,Zhongshan,中山,22.52,113.38,51.0,27.4,55.4,7.6,41.8,0.7,61.2
2020-11,Zhuhai,珠海,22.27,113.58,51.5,28.0,55.2,7.5,36.1,0.7,79.9
2020-12,Dongguan,东莞,23.02,113.75,53.1,35.8,52.9,11.3,34.3,0.8,51.7
2020-12,Foshan,佛山,23.02,113.12,56.9,35.1,66.9,9.1,41.3,0.8,42.2
2020-12,Guangzhou,广州,23.13,113.26,54.1,34.9,62.3,8.9,42.5,0.9,46.7
2020-12,Huizhou,惠州,23.11,114.42,54.0,32.6,56.8,10.1,25.6,0.7,55.0
2020-12,Jiangmen,江门,22.58,113.08,59.9,36.2,65.9,8.9,45.5,1.0,53.5
2020-12,Shenzhen,深圳,22.54,114.06,55.9,34.8,63.7,7.1,34.3,0.7,51.8
2020-12,Zhaoqing,肇庆,23.05,112.47,46.5,32.3,45.9,6.7,34.3,0.7,45.9
2020-12,Zhongshan,中山,22.52,113.38,62.1,39.8,66.4,6.9,52.2,0.8,41.3
2020-12,Zhuhai,珠海,22.27,113.58,63.4,39.5,74.5,7.7,47.3,0.9,53.5
2021-01,Dongguan,东莞,23.02,113.75,62.9,41.2,75.8,12.6,50.9,0.7,63.0
2021-01,Foshan,佛山,23.02,113.12,72.6,48.0,89.3,11.1,59.6,0.9,48.6
2021-01,Guangzhou,广州,23.13,113.26,67.2,43.3,84.8,10.3,55.2,0.8,51.7
2021-01,Huizhou,惠州,23.11,114.42,60.7,36.1,71.6,10.8,30.8,0.6,73.9
2021-01,Jiangmen,江门,22.58,113.08,72.1,45.6,86.0,10.9,57.9,0.8,58.4
2021-01,Shenzhen,深圳,22.54,114.06,61.3,37.0,73.4,7.8,41.5,0.7,64.5
2021-01,Zhaoqing,肇庆,23.05,112.47,58.1,40.6,62.5,9.9,43.0,0.7,49.8
2021-01,Zhongshan,中山,22.52,113.38,65.2,43.0,72.7,6.1,52.5,0.7,55.3
2021-01,Zhuhai,珠海,22.27,113.58,64.1,39.3,77.5,8.0,48.6,0.7,64.4
2021-02,Dongguan,东莞,23.02,113.75,45.2,24.5,40.5,9.9,26.2,0.6,81.3
2021-02,Foshan,佛山,23.02,113.12,45.7,26.2,45.3,5.9,27.4,0.7,70.4
2021-02,Guangzhou,广州,23.13,113.26,47.6,28.2,47.7,7.7,34.5,0.7,65.8
2021-02,Huizhou,惠州,23.11,114.42,38.9,21.4,37.5,7.2,16.3,0.5,79.1
2021-02,Jiangmen,江门,22.58,113.08,43.4,24.0,42.0,7.8,21.7,0.7,77.3
2021-02,Shenzhen,深圳,22.54,114.06,34.7,17.9,33.0,5.8,23.0,0.6,67.8
2021-02,Zhaoqing,肇庆,23.05,112.47,38.6,24.2,36.2,6.8,24.8,0.6,62.1
2021-02,Zhongshan,中山,22.52,113.38,37.1,21.0,34.6,3.6,18.9,0.6,71.6
2021-02,Zhuhai,珠海,22.27,113.58,39.4,21.0,38.4,5.2,21.2,0.5,73.5
2021-03,Dongguan,东莞,23.02,113.75,46.8,25.6,50.5,9.4,35.3,0.7,55.7
2021-03,Foshan,佛山,23.02,113.12,52.5,30.2,59.6,6.7,36.6,0.8,45.5
2021-03,Guangzhou,广州,23.13,113.26,51.1,28.3,57.5,8.2,41.4,0.8,44.6
2021-03,Huizhou,惠州,23.11,114.42,45.2,23.1,47.3,8.2,20.6,0.6,70.9
2021-03,Jiangmen,江门,22.58,113.08,52.2,28.7,57.5,7.9,34.5,0.8,54.3
2021-03,Shenzhen,深圳,22.54,114.06,40.7,20.9,43.5,5.8,26.9,0.6,59.7
2021-03,Zhaoqing,肇庆,23.05,112.47,45.4,27.0,48.0,10.3,30.7,0.7,46.6
2021-03,Zhongshan,中山,22.52,113.38,43.8,24.0,46.0,4.1,27.4,0.6,56.9
2021-03,Zhuhai,珠海,22.27,113.58,43.1,24.4,47.5,5.8,27.4,0.5,60.2
2021-04,Dongguan,东莞,23.02,113.75,43.5,20.5,43.8,8.2,29.2,0.7,67.1
2021-04,Foshan,佛山,23.02,113.12,43.3,21.0,44.7,6.3,30.3,0.7,57.8
2021-04,Guangzhou,广州,23.13,113.26,45.3,22.9,46.6,7.2,34.8,0.8,57.8
2021-04,Huizhou,惠州,23.11,114.42,43.8,20.4,46.1,9.0,19.9,0.6,80.7
2021-04,Jiangmen,江门,22.58,113.08,41.9,20.3,42.4,7.0,29.2,0.7,63.0
2021-04,Shenzhen,深圳,22.54,114.06,38.8,18.0,39.2,5.7,22.1,0.6,73.8
2021-04,Zhaoqing,肇庆,23.05,112.47,37.9,21.0,38.0,9.2,27.2,0.7,54.1
2021-04,Zhongshan,中山,22.52,113.38,38.4,18.3,38.8,4.7,24.2,0.6,66.0
2021-04,Zhuhai,珠海,22.27,113.58,37.7,18.2,37.2,6.3,21.1,0.6,72.1
2021-05,Dongguan,东莞,23.02,113.75,28.0,12.9,25.8,6.9,17.6,0.6,53.6
2021-05,Foshan,佛山,23.02,113.12,29.0,13.0,28.4,6.5,17.6,0.5,49.8
2021-05,Guangzhou,广州,23.13,113.26,33.7,16.1,33.6,6.8,26.1,0.6,50.4
2021-05,Huizhou,惠州,23.11,114.42,28.6,12.2,27.7,7.5,15.5,0.5,60.5
2021-05,Jiangmen,江门,22.58,113.08,27.9,12.8,26.2,5.5,13.7,0.5,51.4
2021-05,Shenzhen,深圳,22.54,114.06,23.0,10.5,21.7,5.6,19.1,0.5,45.2
2021-05,Zhaoqing,肇庆,23.05,112.47,27.9,14.1,26.6,9.3,16.6,0.5,47.6
2021-05,Zhongshan,中山,22.52,113.38,24.5,10.9,22.9,4.3,10.8,0.6,53.5
2021-05,Zhuhai,珠海,22.27,113.58,22.8,11.4,19.8,5.7,8.1,0.6,55.2
2021-06,Dongguan,东莞,23.02,113.75,27.9,12.7,25.1,7.3,19.4,0.5,55.9
2021-06,Foshan,佛山,23.02,113.12,31.0,14.0,28.2,5.9,23.2,0.5,55.2
2021-06,Guangzhou,广州,23.13,113.26,30.6,14.5,28.4,6.7,25.4,0.6,56.0
2021-06,Huizhou,惠州,23.11,114.42,25.3,9.6,23.0,6.5,14.1,0.5,58.6
2021-06,Jiangmen,江门,22.58,113.08,29.9,13.1,27.4,5.7,18.3,0.5,58.4
2021-06,Shenzhen,深圳,22.54,114.06,22.5,8.7,20.6,5.4,16.9,0.5,46.9
2021-06,Zhaoqing,肇庆,23.05,112.47,32.5,16.7,29.3,8.0,21.9,0.5,53.0
2021-06,Zhongshan,中山,22.52,113.38,23.6,10.6,20.8,3.2,10.9,0.5,57.3
2021-06,Zhuhai,珠海,22.27,113.58,21.7,10.0,18.8,5.7,9.9,0.5,59.9
2021-07,Dongguan,东莞,23.02,113.75,33.3,14.2,28.0,7.6,19.2,0.6,66.4
2021-07,Foshan,佛山,23.02,113.12,32.2,13.8,29.3,7.6,18.6,0.4,60.4
2021-07,Guangzhou,广州,23.13,113.26,36.3,16.5,33.3,6.9,23.0,0.6,65.6
2021-07,Huizhou,惠州,23.11,114.42,28.1,11.7,27.2,6.1,14.8,0.5,59.1
2021-07,Jiangmen,江门,22.58,113.08,30.4,13.4,27.8,6.5,15.4,0.5,61.3
2021-07,Shenzhen,深圳,22.54,114.06,23.6,10.5,22.2,5.3,18.2,0.5,46.7
2021-07,Zhaoqing,肇庆,23.05,112.47,30.7,15.9,28.0,11.0,17.7,0.5,57.6
2021-07,Zhongshan,中山,22.52,113.38,25.2,11.1,23.5,3.8,10.7,0.5,57.9
2021-07,Zhuhai,珠海,22.27,113.58,19.3,10.4,16.6,6.1,8.9,0.5,54.7
2021-08,Dongguan,东莞,23.02,113.75,27.3,12.8,24.8,7.6,23.0,0.6,46.6
2021-08,Foshan,佛山,23.02,113.12,28.5,12.7,27.4,7.1,22.2,0.5,45.8
2021-08,Guangzhou,广州,23.13,113.26,30.9,14.2,29.8,6.5,27.2,0.6,45.1
2021-08,Huizhou,惠州,23.11,114.42,27.3,10.8,26.3,6.1,18.3,0.5,48.6
2021-08,Jiangmen,江门,22.58,113.08,26.0,10.8,24.7,5.8,16.8,0.5,48.8
2021-08,Shenzhen,深圳,22.54,114.06,22.5,10.1,21.6,5.6,20.5,0.5,36.4
2021-08,Zhaoqing,肇庆,23.05,112.47,28.5,13.8,25.2,9.7,16.4,0.5,51.3
2021-08,Zhongshan,中山,22.52,113.38,22.2,9.2,21.4,4.1,12.7,0.5,44.4
2021-08,Zhuhai,珠海,22.27,113.58,17.1,9.0,14.7,5.9,11.8,0.5,43.7
2021-09,Dongguan,东莞,23.02,113.75,39.4,17.3,33.1,7.3,25.9,0.6,71.4
2021-09,Foshan,佛山,23.02,113.12,40.1,18.2,37.1,7.8,26.8,0.6,70.0
2021-09,Guangzhou,广州,23.13,113.26,39.1,19.5,37.0,6.8,30.3,0.7,64.7
2021-09,Huizhou,惠州,23.11,114.42,36.2,15.4,34.7,6.8,17.8,0.5,69.4
2021-09,Jiangmen,江门,22.58,113.08,35.0,15.2,32.6,5.6,20.3,0.5,65.8
2021-09,Shenzhen,深圳,22.54,114.06,29.7,13.9,27.6,6.0,22.0,0.6,53.3
2021-09,Zhaoqing,肇庆,23.05,112.47,36.4,19.1,31.9,9.3,21.0,0.6,69.1
2021-09,Zhongshan,中山,22.52,113.38,30.5,13.2,27.6,4.2,15.9,0.5,59.9
2021-09,Zhuhai,珠海,22.27,113.58,21.2,11.8,19.3,5.4,14.3,0.6,52.6
2021-10,Dongguan,东莞,23.02,113.75,37.0,21.1,36.0,7.4,23.2,0.6,61.9
2021-10,Foshan,佛山,23.02,113.12,43.6,23.5,42.4,7.7,29.2,0.6,67.4
2021-10,Guangzhou,广州,23.13,113.26,39.9,23.2,40.0,7.2,27.7,0.7,62.7
2021-10,Huizhou,惠州,23.11,114.42,34.2,17.0,33.2,7.4,15.3,0.6,68.0
2021-10,Jiangmen,江门,22.58,113.08,44.6,22.8,43.1,6.7,30.1,0.6,71.3
2021-10,Shenzhen,深圳,22.54,114.06,32.5,16.7,31.3,6.2,17.1,0.6,62.3
2021-10,Zhaoqing,肇庆,23.05,112.47,40.0,23.2,36.1,8.4,22.0,0.6,72.5
2021-10,Zhongshan,中山,22.52,113.38,38.0,20.5,37.6,5.0,24.6,0.6,62.8
2021-10,Zhuhai,珠海,22.27,113.58,34.7,18.4,32.5,5.7,20.2,0.6,74.2
2021-11,Dongguan,东莞,23.02,113.75,46.9,26.3,48.8,9.6,35.2,0.6,60.9
2021-11,Foshan,佛山,23.02,113.12,49.8,26.6,53.4,10.0,43.5,0.6,52.4
2021-11,Guangzhou,广州,23.13,113.26,48.6,26.9,52.3,8.1,39.6,0.7,52.4
2021-11,Huizhou,惠州,23.11,114.42,47.2,24.0,49.8,9.6,24.4,0.6,71.8
2021-11,Jiangmen,江门,22.58,113.08,51.7,28.4,57.5,9.4,46.8,0.7,62.0
2021-11,Shenzhen,深圳,22.54,114.06,47.4,24.9,50.7,7.2,31.1,0.6,68.4
2021-11,Zhaoqing,肇庆,23.05,112.47,41.0,24.1,40.4,11.4,29.5,0.6,56.6
2021-11,Zhongshan,中山,22.52,113.38,49.9,27.6,54.9,6.8,43.1,0.6,56.5
2021-11,Zhuhai,珠海,22.27,113.58,50.0,26.6,53.8,8.1,37.3,0.6,80.5
2021-12,Dongguan,东莞,23.02,113.75,49.2,29.9,51.2,10.4,37.1,0.7,58.4
2021-12,Foshan,佛山,23.02,113.12,53.7,31.9,59.5,8.8,49.1,0.7,48.1
2021-12,Guangzhou,广州,23.13,113.26,51.1,30.5,55.0,7.9,40.5,0.8,51.2
2021-12,Huizhou,惠州,23.11,114.42,49.6,27.8,49.5,7.8,24.5,0.6,62.2
2021-12,Jiangmen,江门,22.58,113.08,59.0,34.9,66.7,8.8,54.8,0.8,51.6
2021-12,Shenzhen,深圳,22.54,114.06,49.2,27.9,51.9,6.3,30.7,0.7,59.6
2021-12,Zhaoqing,肇庆,23.05,112.47,44.3,28.4,44.4,9.1,31.6,0.7,53.8
2021-12,Zhongshan,中山,22.52,113.38,57.6,34.4,63.6,7.3,50.1,0.7,49.4
2021-12,Zhuhai,珠海,22.27,113.58,55.3,32.5,61.1,8.8,41.7,0.6,63.9
2022-01,Dongguan,东莞,23.02,113.75,49.7,33.6,52.8,7.8,39.5,0.9,45.2
2022-01,Foshan,佛山,23.02,113.12,53.2,36.0,61.8,6.5,51.7,1.0,34.5
2022-01,Guangzhou,广州,23.13,113.26,49.8,33.6,56.4,7.0,43.0,1.0,33.4
2022-01,Huizhou,惠州,23.11,114.42,43.2,27.9,42.1,3.9,25.0,0.7,54.2
2022-01,Jiangmen,江门,22.58,113.08,61.6,42.4,69.1,6.9,55.6,1.0,39.0
2022-01,Shenzhen,深圳,22.54,114.06,42.3,26.2,42.5,5.2,28.3,0.7,57.2
2022-01,Zhaoqing,肇庆,23.05,112.47,47.4,32.4,48.8,8.6,33.8,0.9,45.3
2022-01,Zhongshan,中山,22.52,113.38,52.2,34.9,55.7,5.2,44.2,0.8,40.8
2022-01,Zhuhai,珠海,22.27,113.58,47.1,28.5,50.1,8.2,36.4,0.7,56.1
2022-02,Dongguan,东莞,23.02,113.75,28.4,16.5,24.2,7.1,21.3,0.8,49.7
2022-02,Foshan,佛山,23.02,113.12,26.3,16.4,24.9,4.7,25.4,0.7,38.7
2022-02,Guangzhou,广州,23.13,113.26,25.7,15.5,24.5,6.0,22.4,0.8,40.8
2022-02,Huizhou,惠州,23.11,114.42,22.1,12.4,17.7,2.9,11.8,0.6,50.8
2022-02,Jiangmen,江门,22.58,113.08,30.4,18.9,28.5,6.4,26.5,0.7,45.7
2022-02,Shenzhen,深圳,22.54,114.06,22.8,11.3,18.6,4.7,15.2,0.7,54.9
2022-02,Zhaoqing,肇庆,23.05,112.47,23.8,13.5,18.7,7.0,20.3,0.7,41.3
2022-02,Zhongshan,中山,22.52,113.38,29.5,18.9,26.1,4.6,22.5,0.7,45.7
2022-02,Zhuhai,珠海,22.27,113.58,26.8,15.3,25.0,7.6,21.5,0.7,49.4
2022-03,Dongguan,东莞,23.02,113.75,41.6,21.0,37.2,7.8,29.5,0.7,69.2
2022-03,Foshan,佛山,23.02,113.12,45.6,24.9,47.9,6.2,38.0,0.7,53.1
2022-03,Guangzhou,广州,23.13,113.26,43.5,23.1,44.7,7.0,39.0,0.8,50.5
2022-03,Huizhou,惠州,23.11,114.42,36.8,18.5,35.8,4.6,20.0,0.6,70.6
2022-03,Jiangmen,江门,22.58,113.08,44.0,23.7,43.9,7.2,29.2,0.6,61.6
2022-03,Shenzhen,深圳,22.54,114.06,32.9,16.4,30.5,4.7,21.4,0.6,66.5
2022-03,Zhaoqing,肇庆,23.05,112.47,41.5,24.8,40.7,10.8,30.7,0.7,54.9
2022-03,Zhongshan,中山,22.52,113.38,38.4,21.5,37.9,5.1,23.1,0.5,60.5
2022-03,Zhuhai,珠海,22.27,113.58,36.2,20.2,32.4,8.2,22.9,0.5,71.3
2022-04,Dongguan,东莞,23.02,113.75,46.9,22.5,41.8,8.5,28.1,0.7,76.4
2022-04,Foshan,佛山,23.02,113.12,45.5,23.3,45.7,7.0,29.9,0.7,71.1
2022-04,Guangzhou,广州,23.13,113.26,46.0,23.5,45.3,7.3,31.2,0.7,67.5
2022-04,Huizhou,惠州,23.11,114.42,37.3,17.2,36.9,4.4,16.6,0.6,75.6
2022-04,Jiangmen,江门,22.58,113.08,45.0,21.0,44.4,7.9,26.5,0.5,70.0
2022-04,Shenzhen,深圳,22.54,114.06,33.9,16.6,33.2,5.0,20.5,0.6,68.4
2022-04,Zhaoqing,肇庆,23.05,112.47,41.6,23.1,38.0,11.2,22.4,0.7,74.5
2022-04,Zhongshan,中山,22.52,113.38,37.9,19.0,36.2,4.4,20.6,0.5,67.5
2022-04,Zhuhai,珠海,22.27,113.58,32.6,16.8,31.0,8.9,17.7,0.5,70.6
2022-05,Dongguan,东莞,23.02,113.75,41.2,19.6,34.5,6.9,26.0,0.7,72.1
2022-05,Foshan,佛山,23.02,113.12,40.3,20.5,37.0,6.3,28.9,0.7,63.0
2022-05,Guangzhou,广州,23.13,113.26,39.0,20.4,36.5,6.4,29.5,0.7,57.1
2022-05,Huizhou,惠州,23.11,114.42,29.5,14.4,27.2,4.0,14.0,0.5,67.6
2022-05,Jiangmen,江门,22.58,113.08,37.0,17.5,34.2,6.0,24.3,0.6,66.0
2022-05,Shenzhen,深圳,22.54,114.06,27.7,12.9,24.3,4.6,18.3,0.5,64.7
2022-05,Zhaoqing,肇庆,23.05,112.47,44.0,25.9,39.4,9.8,24.3,0.7,69.2
2022-05,Zhongshan,中山,22.52,113.38,31.5,15.2,28.4,3.7,18.2,0.6,64.5
2022-05,Zhuhai,珠海,22.27,113.58,27.2,13.4,21.6,7.9,14.7,0.5,74.0
2022-06,Dongguan,东莞,23.02,113.75,22.2,8.8,20.0,5.4,19.5,0.5,42.9
2022-06,Foshan,佛山,23.02,113.12,21.2,9.5,19.4,5.2,18.0,0.6,37.3
2022-06,Guangzhou,广州,23.13,113.26,25.0,11.2,23.8,5.7,23.2,0.6,37.1
2022-06,Huizhou,惠州,23.11,114.42,19.7,7.1,18.7,3.8,13.1,0.4,40.3
2022-06,Jiangmen,江门,22.58,113.08,22.9,8.9,22.0,5.3,13.8,0.4,37.0
2022-06,Shenzhen,深圳,22.54,114.06,18.5,6.7,17.7,4.7,15.5,0.5,33.5
2022-06,Zhaoqing,肇庆,23.05,112.47,23.5,11.6,21.0,9.2,13.2,0.6,43.3
2022-06,Zhongshan,中山,22.52,113.38,18.3,7.5,16.7,3.8,8.8,0.5,43.6
2022-06,Zhuhai,珠海,22.27,113.58,15.8,7.5,13.8,8.2,7.6,0.4,44.2
2022-07,Dongguan,东莞,23.02,113.75,36.8,15.0,28.0,6.6,20.8,0.6,76.2
2022-07,Foshan,佛山,23.02,113.12,30.1,15.2,26.4,5.6,17.0,0.5,62.5
2022-07,Guangzhou,广州,23.13,113.26,37.9,17.4,32.1,6.1,21.2,0.6,69.1
2022-07,Huizhou,惠州,23.11,114.42,29.4,11.5,26.3,3.8,11.8,0.4,65.1
2022-07,Jiangmen,江门,22.58,113.08,27.6,11.8,26.2,5.4,11.5,0.4,60.4
2022-07,Shenzhen,深圳,22.54,114.06,23.5,10.2,21.5,5.2,14.9,0.5,52.5
2022-07,Zhaoqing,肇庆,23.05,112.47,30.0,16.3,27.5,10.1,14.2,0.5,57.3
2022-07,Zhongshan,中山,22.52,113.38,24.5,11.3,22.3,4.5,7.8,0.5,62.7
2022-07,Zhuhai,珠海,22.27,113.58,20.5,10.8,17.0,7.7,6.0,0.4,58.8
2022-08,Dongguan,东莞,23.02,113.75,32.8,13.3,25.5,7.4,22.5,0.7,61.7
2022-08,Foshan,佛山,23.02,113.12,27.1,13.5,23.0,5.6,20.9,0.5,55.2
2022-08,Guangzhou,广州,23.13,113.26,30.4,14.2,26.8,5.6,22.7,0.6,57.2
2022-08,Huizhou,惠州,23.11,114.42,27.0,11.6,25.4,4.2,12.8,0.5,54.0
2022-08,Jiangmen,江门,22.58,113.08,27.5,10.6,24.8,5.3,15.7,0.5,57.0
2022-08,Shenzhen,深圳,22.54,114.06,24.9,10.6,23.3,5.4,17.6,0.6,45.5
2022-08,Zhaoqing,肇庆,23.05,112.47,29.3,14.4,24.9,9.6,16.6,0.5,60.7
2022-08,Zhongshan,中山,22.52,113.38,25.5,10.3,21.3,3.9,14.5,0.5,56.5
2022-08,Zhuhai,珠海,22.27,113.58,22.3,10.4,17.0,6.9,11.3,0.4,56.6
2022-09,Dongguan,东莞,23.02,113.75,55.3,27.2,47.2,10.2,25.1,0.8,110.4
2022-09,Foshan,佛山,23.02,113.12,55.7,29.2,49.9,7.3,27.0,0.7,100.0
2022-09,Guangzhou,广州,23.13,113.26,53.5,30.1,51.2,6.7,30.0,0.7,93.4
2022-09,Huizhou,惠州,23.11,114.42,49.6,26.5,51.1,5.8,16.8,0.7,101.3
2022-09,Jiangmen,江门,22.58,113.08,60.0,26.9,51.6,7.4,21.9,0.7,116.6
2022-09,Shenzhen,深圳,22.54,114.06,50.0,25.9,45.8,6.2,20.0,0.7,105.2
2022-09,Zhaoqing,肇庆,23.05,112.47,51.2,28.8,42.8,7.8,22.5,0.6,99.2
2022-09,Zhongshan,中山,22.52,113.38,57.9,25.0,47.5,5.9,21.4,0.6,117.2
2022-09,Zhuhai,珠海,22.27,113.58,51.8,24.6,41.8,6.8,18.0,0.5,114.9
2022-10,Dongguan,东莞,23.02,113.75,48.2,23.4,45.4,10.7,23.9,0.7,97.1
2022-10,Foshan,佛山,23.02,113.12,53.2,26.3,50.2,7.6,27.9,0.6,99.5
2022-10,Guangzhou,广州,23.13,113.26,51.6,27.0,51.0,7.1,29.1,0.6,92.7
2022-10,Huizhou,惠州,23.11,114.42,44.1,21.7,45.4,6.3,15.3,0.7,92.7
2022-10,Jiangmen,江门,22.58,113.08,56.7,25.1,51.3,7.6,26.3,0.6,105.1
2022-10,Shenzhen,深圳,22.54,114.06,41.9,19.9,41.5,6.7,16.6,0.6,90.6
2022-10,Zhaoqing,肇庆,23.05,112.47,49.0,25.2,43.3,9.9,26.5,0.5,101.6
2022-10,Zhongshan,中山,22.52,113.38,51.1,24.0,45.8,7.1,23.3,0.5,100.7
2022-10,Zhuhai,珠海,22.27,113.58,44.4,19.9,41.7,7.4,18.6,0.4,96.7
2022-11,Dongguan,东莞,23.02,113.75,35.8,20.6,35.3,8.5,28.9,0.8,54.4
2022-11,Foshan,佛山,23.02,113.12,36.1,21.5,35.9,6.2,32.4,0.7,46.8
2022-11,Guangzhou,广州,23.13,113.26,35.4,21.2,35.8,5.1,30.6,0.7,47.7
2022-11,Huizhou,惠州,23.11,114.42,29.8,14.9,28.5,4.8,16.4,0.5,56.0
2022-11,Jiangmen,江门,22.58,113.08,34.8,18.2,35.5,6.6,31.9,0.7,46.3
2022-11,Shenzhen,深圳,22.54,114.06,25.9,13.5,24.9,5.9,21.4,0.6,49.8
2022-11,Zhaoqing,肇庆,23.05,112.47,33.3,20.2,31.6,8.6,25.8,0.7,52.4
2022-11,Zhongshan,中山,22.52,113.38,31.7,16.8,30.2,5.5,29.7,0.6,42.7
2022-11,Zhuhai,珠海,22.27,113.58,24.9,14.8,23.2,7.1,22.9,0.5,52.5
2022-12,Dongguan,东莞,23.02,113.75,40.8,24.9,42.2,9.3,28.6,0.7,51.5
2022-12,Foshan,佛山,23.02,113.12,45.8,29.2,47.8,7.5,34.1,0.6,44.8
2022-12,Guangzhou,广州,23.13,113.26,44.8,27.5,46.7,6.5,29.2,0.7,49.5
2022-12,Huizhou,惠州,23.11,114.42,43.5,25.8,41.5,6.2,20.5,0.6,53.5
2022-12,Jiangmen,江门,22.58,113.08,50.1,28.9,53.9,7.5,37.8,0.7,48.6
2022-12,Shenzhen,深圳,22.54,114.06,42.5,23.8,43.8,6.1,27.5,0.6,51.4
2022-12,Zhaoqing,肇庆,23.05,112.47,44.6,28.7,45.1,9.4,28.1,0.6,53.6
2022-12,Zhongshan,中山,22.52,113.38,45.9,27.7,47.1,7.5,38.9,0.6,45.3
2022-12,Zhuhai,珠海,22.27,113.58,44.9,25.3,47.5,8.3,32.7,0.5,51.1
2023-01,Dongguan,东莞,23.02,113.75,41.3,26.2,41.3,8.4,18.5,0.6,59.6
2023-01,Foshan,佛山,23.02,113.12,43.1,28.2,42.2,5.8,22.9,0.6,51.8
2023-01,Guangzhou,广州,23.13,113.26,44.3,29.2,45.5,5.9,22.3,0.7,54.4
2023-01,Huizhou,惠州,23.11,114.42,44.3,28.2,43.6,4.8,14.3,0.6,58.6
2023-01,Jiangmen,江门,22.58,113.08,43.1,26.0,44.2,6.4,23.7,0.6,58.0
2023-01,Shenzhen,深圳,22.54,114.06,40.4,24.5,41.2,5.3,17.8,0.6,57.5
2023-01,Zhaoqing,肇庆,23.05,112.47,44.1,30.2,43.8,8.0,21.0,0.6,56.3
2023-01,Zhongshan,中山,22.52,113.38,43.1,28.0,41.5,4.9,23.6,0.5,54.6
2023-01,Zhuhai,珠海,22.27,113.58,42.3,25.1,43.4,5.8,21.1,0.5,60.1
2023-02,Dongguan,东莞,23.02,113.75,49.4,29.4,53.2,8.7,32.4,0.6,74.0
2023-02,Foshan,佛山,23.02,113.12,54.6,35.9,59.4,7.8,39.6,0.7,62.3
2023-02,Guangzhou,广州,23.13,113.26,53.0,34.9,58.2,6.3,38.6,0.8,59.3
2023-02,Huizhou,惠州,23.11,114.42,43.9,25.8,45.1,5.5,18.1,0.6,72.5
2023-02,Jiangmen,江门,22.58,113.08,57.3,34.4,59.0,7.1,32.8,0.7,74.8
2023-02,Shenzhen,深圳,22.54,114.06,39.0,21.1,40.7,5.9,21.0,0.7,74.1
2023-02,Zhaoqing,肇庆,23.05,112.47,51.8,33.8,52.0,9.0,32.8,0.6,62.0
2023-02,Zhongshan,中山,22.52,113.38,46.7,28.3,47.5,5.6,26.0,0.5,74.7
2023-02,Zhuhai,珠海,22.27,113.58,41.1,23.0,41.7,5.6,23.7,0.5,81.8
2023-03,Dongguan,东莞,23.02,113.75,48.1,25.9,53.4,9.2,29.5,0.6,74.3
2023-03,Foshan,佛山,23.02,113.12,51.0,29.0,56.3,7.1,35.5,0.7,67.6
2023-03,Guangzhou,广州,23.13,113.26,52.1,29.7,59.4,6.3,39.3,0.7,61.9
2023-03,Huizhou,惠州,23.11,114.42,45.2,24.9,49.2,6.4,20.5,0.6,80.8
2023-03,Jiangmen,江门,22.58,113.08,50.9,28.5,54.8,6.9,29.1,0.6,72.9
2023-03,Shenzhen,深圳,22.54,114.06,42.8,22.4,45.4,5.7,23.0,0.6,78.3
2023-03,Zhaoqing,肇庆,23.05,112.47,49.6,29.7,52.3,11.1,27.5,0.6,70.7
2023-03,Zhongshan,中山,22.52,113.38,45.9,26.6,46.5,5.6,24.1,0.5,73.0
2023-03,Zhuhai,珠海,22.27,113.58,42.1,22.7,43.7,4.8,23.2,0.5,81.1
2023-04,Dongguan,东莞,23.02,113.75,39.5,19.6,37.0,8.8,26.5,0.7,71.8
2023-04,Foshan,佛山,23.02,113.12,39.2,20.9,38.3,6.6,31.4,0.7,54.2
2023-04,Guangzhou,广州,23.13,113.26,39.9,21.2,38.8,5.6,31.9,0.7,57.7
2023-04,Huizhou,惠州,23.11,114.42,34.6,16.8,33.2,5.7,14.3,0.6,79.7
2023-04,Jiangmen,江门,22.58,113.08,39.9,20.0,37.6,6.7,23.8,0.6,65.7
2023-04,Shenzhen,深圳,22.54,114.06,36.4,17.4,34.7,5.6,19.6,0.7,76.4
2023-04,Zhaoqing,肇庆,23.05,112.47,37.0,21.2,35.5,8.4,25.4,0.6,54.5
2023-04,Zhongshan,中山,22.52,113.38,36.6,18.6,33.9,5.1,22.2,0.6,68.4
2023-04,Zhuhai,珠海,22.27,113.58,38.1,19.7,35.0,5.4,18.3,0.5,84.6
2023-05,Dongguan,东莞,23.02,113.75,38.8,19.8,37.3,8.9,20.2,0.6,77.6
2023-05,Foshan,佛山,23.02,113.12,40.3,20.9,39.1,6.1,25.5,0.7,66.4
2023-05,Guangzhou,广州,23.13,113.26,41.0,22.2,41.2,5.6,25.5,0.7,67.0
2023-05,Huizhou,惠州,23.11,114.42,36.0,17.5,35.4,6.1,12.9,0.6,75.3
2023-05,Jiangmen,江门,22.58,113.08,42.1,20.6,40.5,5.9,17.6,0.6,72.7
2023-05,Shenzhen,深圳,22.54,114.06,36.4,18.1,35.4,5.2,17.7,0.6,71.0
2023-05,Zhaoqing,肇庆,23.05,112.47,41.4,23.7,41.1,10.0,22.0,0.5,68.1
2023-05,Zhongshan,中山,22.52,113.38,38.2,19.7,34.6,4.3,14.8,0.5,76.6
2023-05,Zhuhai,珠海,22.27,113.58,36.5,19.4,31.9,6.2,13.1,0.4,82.8
2023-06,Dongguan,东莞,23.02,113.75,28.6,12.8,23.6,7.4,18.5,0.6,61.0
2023-06,Foshan,佛山,23.02,113.12,30.7,14.3,25.1,5.1,21.8,0.6,59.6
2023-06,Guangzhou,广州,23.13,113.26,29.0,14.0,26.0,5.2,21.5,0.7,56.4
2023-06,Huizhou,惠州,23.11,114.42,21.9,9.5,20.2,4.6,10.7,0.6,49.9
2023-06,Jiangmen,江门,22.58,113.08,28.0,12.9,25.1,4.7,14.5,0.5,56.0
2023-06,Shenzhen,深圳,22.54,114.06,19.4,8.7,18.2,4.6,15.2,0.6,41.6
2023-06,Zhaoqing,肇庆,23.05,112.47,33.9,16.7,28.7,12.1,19.0,0.5,64.9
2023-06,Zhongshan,中山,22.52,113.38,24.3,10.7,20.0,4.9,10.3,0.4,58.5
2023-06,Zhuhai,珠海,22.27,113.58,19.1,9.0,14.7,5.8,9.0,0.4,57.0
2023-07,Dongguan,东莞,23.02,113.75,26.2,10.8,21.9,8.0,17.1,0.7,58.1
2023-07,Foshan,佛山,23.02,113.12,25.0,11.6,21.0,6.2,15.4,0.5,56.0
2023-07,Guangzhou,广州,23.13,113.26,28.9,13.2,25.7,5.9,18.3,0.6,59.7
2023-07,Huizhou,惠州,23.11,114.42,23.9,9.7,22.9,3.7,12.3,0.6,50.0
2023-07,Jiangmen,江门,22.58,113.08,26.3,11.6,23.6,5.6,11.6,0.5,57.5
2023-07,Shenzhen,深圳,22.54,114.06,21.9,9.3,21.3,5.2,16.5,0.6,40.1
2023-07,Zhaoqing,肇庆,23.05,112.47,23.7,11.6,20.5,10.4,13.6,0.4,53.4
2023-07,Zhongshan,中山,22.52,113.38,24.4,10.3,19.3,5.9,8.4,0.4,60.0
2023-07,Zhuhai,珠海,22.27,113.58,22.0,9.4,18.5,5.0,8.8,0.4,56.7
2023-08,Dongguan,东莞,23.02,113.75,31.0,14.4,27.0,7.7,21.5,0.7,56.2
2023-08,Foshan,佛山,23.02,113.12,27.5,14.4,23.6,5.8,19.6,0.6,57.6
2023-08,Guangzhou,广州,23.13,113.26,31.1,15.3,28.8,5.7,22.6,0.7,56.6
2023-08,Huizhou,惠州,23.11,114.42,27.4,12.3,25.8,3.9,15.6,0.6,51.5
2023-08,Jiangmen,江门,22.58,113.08,28.9,13.9,27.0,5.9,14.6,0.5,55.3
2023-08,Shenzhen,深圳,22.54,114.06,26.2,12.2,25.9,5.5,20.3,0.6,38.1
2023-08,Zhaoqing,肇庆,23.05,112.47,29.0,14.7,25.0,9.6,15.5,0.5,58.2
2023-08,Zhongshan,中山,22.52,113.38,24.9,11.8,22.1,4.5,12.2,0.4,53.6
2023-08,Zhuhai,珠海,22.27,113.58,20.6,10.6,19.0,5.5,11.1,0.5,52.0
2023-09,Dongguan,东莞,23.02,113.75,29.7,15.2,27.3,7.0,22.9,0.7,52.4
2023-09,Foshan,佛山,23.02,113.12,27.8,14.4,24.6,5.9,24.2,0.6,54.1
2023-09,Guangzhou,广州,23.13,113.26,29.1,16.1,27.5,5.8,24.1,0.7,52.3
2023-09,Huizhou,惠州,23.11,114.42,25.6,12.6,23.6,5.0,12.2,0.5,57.6
2023-09,Jiangmen,江门,22.58,113.08,30.1,14.5,26.8,6.1,18.9,0.5,59.8
2023-09,Shenzhen,深圳,22.54,114.06,23.1,11.4,22.2,5.4,18.2,0.6,49.2
2023-09,Zhaoqing,肇庆,23.05,112.47,29.2,15.9,26.5,7.4,20.0,0.5,59.1
2023-09,Zhongshan,中山,22.52,113.38,25.3,12.2,21.2,5.2,15.9,0.4,56.1
2023-09,Zhuhai,珠海,22.27,113.58,22.7,10.4,18.6,6.5,13.5,0.5,58.4
2023-10,Dongguan,东莞,23.02,113.75,38.0,22.3,35.8,6.9,21.5,0.8,67.0
2023-10,Foshan,佛山,23.02,113.12,41.2,25.3,39.0,6.5,29.0,0.7,67.9
2023-10,Guangzhou,广州,23.13,113.26,38.8,24.2,37.9,5.6,26.9,0.7,62.9
2023-10,Huizhou,惠州,23.11,114.42,34.3,19.8,33.2,6.5,13.3,0.7,67.6
2023-10,Jiangmen,江门,22.58,113.08,43.8,25.2,41.4,6.5,27.7,0.7,73.8
2023-10,Shenzhen,深圳,22.54,114.06,34.0,18.5,33.3,5.7,18.1,0.7,70.1
2023-10,Zhaoqing,肇庆,23.05,112.47,37.5,23.5,34.3,8.0,22.2,0.6,70.0
2023-10,Zhongshan,中山,22.52,113.38,41.1,23.1,35.9,4.2,23.0,0.5,76.8
2023-10,Zhuhai,珠海,22.27,113.58,34.8,18.3,31.6,6.4,17.8,0.6,82.6
2023-11,Dongguan,东莞,23.02,113.75,52.3,29.4,56.6,7.6,34.0,0.7,64.9
2023-11,Foshan,佛山,23.02,113.12,56.2,33.4,61.7,8.1,41.2,0.7,61.5
2023-11,Guangzhou,广州,23.13,113.26,52.1,30.9,57.3,6.4,39.3,0.7,58.6
2023-11,Huizhou,惠州,23.11,114.42,48.8,26.0,53.5,7.7,21.8,0.7,68.3
2023-11,Jiangmen,江门,22.58,113.08,61.7,35.9,67.0,8.2,42.2,0.7,67.7
2023-11,Shenzhen,深圳,22.54,114.06,48.3,25.2,53.2,4.2,29.2,0.7,70.7
2023-11,Zhaoqing,肇庆,23.05,112.47,51.4,32.6,54.0,11.1,34.4,0.6,63.6
2023-11,Zhongshan,中山,22.52,113.38,54.4,31.9,57.5,5.6,37.4,0.6,68.3
2023-11,Zhuhai,珠海,22.27,113.58,52.1,27.7,57.2,7.2,29.3,0.5,80.8
2023-12,Dongguan,东莞,23.02,113.75,50.4,31.9,54.8,8.9,39.3,0.8,44.7
2023-12,Foshan,佛山,23.02,113.12,53.7,34.0,59.4,8.0,46.7,0.7,35.9
2023-12,Guangzhou,广州,23.13,113.26,52.1,33.6,58.3,6.8,45.3,0.8,37.4
2023-12,Huizhou,惠州,23.11,114.42,45.4,26.4,48.9,7.7,26.1,0.7,49.3
2023-12,Jiangmen,江门,22.58,113.08,54.7,35.2,58.4,8.9,45.3,0.7,44.6
2023-12,Shenzhen,深圳,22.54,114.06,47.5,26.7,51.3,5.0,34.9,0.7,50.7
2023-12,Zhaoqing,肇庆,23.05,112.47,46.9,31.7,49.6,10.9,35.9,0.7,43.0
2023-12,Zhongshan,中山,22.52,113.38,51.9,33.3,54.3,5.8,44.8,0.6,40.5
2023-12,Zhuhai,珠海,22.27,113.58,52.3,30.5,58.3,8.1,40.2,0.6,53.1
2024-01,Dongguan,东莞,23.02,113.75,54.4,34.4,59.9,9.0,39.1,0.8,65.5
2024-01,Foshan,佛山,23.02,113.12,55.7,36.5,63.8,7.7,42.3,0.7,55.5
2024-01,Guangzhou,广州,23.13,113.26,54.6,36.7,62.1,6.5,43.1,0.8,53.8
2024-01,Huizhou,惠州,23.11,114.42,49.4,29.9,53.6,7.6,25.4,0.7,70.7
2024-01,Jiangmen,江门,22.58,113.08,54.8,35.3,59.0,8.0,40.5,0.7,60.4
2024-01,Shenzhen,深圳,22.54,114.06,46.1,26.6,48.3,4.8,28.3,0.6,68.1
2024-01,Zhaoqing,肇庆,23.05,112.47,52.0,35.8,53.5,8.3,34.4,0.7,59.6
2024-01,Zhongshan,中山,22.52,113.38,50.6,32.1,51.4,5.2,38.6,0.6,55.2
2024-01,Zhuhai,珠海,22.27,113.58,47.1,27.8,50.1,6.9,30.6,0.5,64.6
2024-02,Dongguan,东莞,23.02,113.75,33.5,20.5,32.1,7.5,17.3,0.8,45.1
2024-02,Foshan,佛山,23.02,113.12,33.1,19.6,32.4,6.8,18.7,0.7,39.7
2024-02,Guangzhou,广州,23.13,113.26,34.9,21.7,33.5,5.6,21.6,0.7,38.9
2024-02,Huizhou,惠州,23.11,114.42,32.7,19.8,31.5,6.5,11.4,0.6,55.5
2024-02,Jiangmen,江门,22.58,113.08,36.2,22.4,36.0,6.6,18.9,0.6,44.7
2024-02,Shenzhen,深圳,22.54,114.06,32.8,19.4,31.8,4.3,14.6,0.6,51.9
2024-02,Zhaoqing,肇庆,23.05,112.47,30.8,19.9,29.1,5.9,18.8,0.7,41.4
2024-02,Zhongshan,中山,22.52,113.38,36.3,23.7,34.3,5.2,18.8,0.5,42.1
2024-02,Zhuhai,珠海,22.27,113.58,36.7,22.0,37.1,5.9,19.9,0.5,43.6
2024-03,Dongguan,东莞,23.02,113.75,46.0,24.9,49.5,8.2,27.2,0.7,62.9
2024-03,Foshan,佛山,23.02,113.12,46.7,25.3,50.8,7.0,34.1,0.7,48.1
2024-03,Guangzhou,广州,23.13,113.26,45.5,25.3,49.5,6.0,35.0,0.7,50.8
2024-03,Huizhou,惠州,23.11,114.42,43.4,23.2,45.7,7.5,18.5,0.6,70.5
2024-03,Jiangmen,江门,22.58,113.08,49.6,28.9,52.2,7.3,31.6,0.7,58.6
2024-03,Shenzhen,深圳,22.54,114.06,43.8,23.0,46.0,5.3,22.1,0.6,68.9
2024-03,Zhaoqing,肇庆,23.05,112.47,51.1,31.4,53.9,7.8,32.8,0.7,46.3
2024-03,Zhongshan,中山,22.52,113.38,45.1,25.3,45.5,5.9,25.0,0.5,64.5
2024-03,Zhuhai,珠海,22.27,113.58,44.6,23.5,44.9,5.8,20.6,0.5,70.7
2024-04,Dongguan,东莞,23.02,113.75,33.0,18.2,29.8,7.8,21.3,0.7,50.8
2024-04,Foshan,佛山,23.02,113.12,34.6,19.8,34.2,6.6,27.2,0.6,37.4
2024-04,Guangzhou,广州,23.13,113.26,34.0,19.8,33.5,5.5,29.5,0.7,42.0
2024-04,Huizhou,惠州,23.11,114.42,32.9,16.6,29.0,4.9,13.9,0.6,61.9
2024-04,Jiangmen,江门,22.58,113.08,34.7,19.0,34.4,5.2,18.5,0.5,46.2
2024-04,Shenzhen,深圳,22.54,114.06,31.0,16.0,28.5,5.1,17.8,0.5,50.3
2024-04,Zhaoqing,肇庆,23.05,112.47,38.7,24.5,37.8,8.2,24.6,0.6,40.9
2024-04,Zhongshan,中山,22.52,113.38,29.4,16.5,28.5,4.9,15.2,0.4,46.9
2024-04,Zhuhai,珠海,22.27,113.58,27.4,15.3,26.4,6.1,10.2,0.4,56.1
2024-05,Dongguan,东莞,23.02,113.75,36.2,17.7,30.6,7.8,21.7,0.8,79.1
2024-05,Foshan,佛山,23.02,113.12,37.7,18.3,32.7,6.2,29.7,0.6,70.9
2024-05,Guangzhou,广州,23.13,113.26,33.8,17.3,29.9,5.5,26.4,0.7,68.9
2024-05,Huizhou,惠州,23.11,114.42,30.1,13.2,25.1,5.4,11.1,0.6,82.1
2024-05,Jiangmen,江门,22.58,113.08,41.8,18.7,34.9,5.3,24.8,0.6,82.1
2024-05,Shenzhen,深圳,22.54,114.06,30.9,13.8,27.3,4.9,17.1,0.6,79.1
2024-05,Zhaoqing,肇庆,23.05,112.47,37.7,19.3,31.7,7.0,26.4,0.5,68.8
2024-05,Zhongshan,中山,22.52,113.38,36.7,16.0,29.3,5.4,22.7,0.5,78.9
2024-05,Zhuhai,珠海,22.27,113.58,34.1,15.0,28.7,6.7,15.6,0.5,84.9
2024-06,Dongguan,东莞,23.02,113.75,22.6,10.0,21.0,6.0,15.0,0.7,44.9
2024-06,Foshan,佛山,23.02,113.12,21.9,11.1,20.3,5.8,20.8,0.6,41.4
2024-06,Guangzhou,广州,23.13,113.26,23.3,11.4,22.3,4.9,22.2,0.6,41.0
2024-06,Huizhou,惠州,23.11,114.42,20.0,8.2,17.1,4.8,9.0,0.5,48.2
2024-06,Jiangmen,江门,22.58,113.08,24.0,10.8,23.3,4.6,13.3,0.5,45.1
2024-06,Shenzhen,深圳,22.54,114.06,20.1,8.2,18.3,4.9,12.5,0.5,41.9
2024-06,Zhaoqing,肇庆,23.05,112.47,22.4,10.7,20.3,7.2,16.2,0.4,46.1
2024-06,Zhongshan,中山,22.52,113.38,21.0,9.2,19.6,5.9,11.8,0.4,44.6
2024-06,Zhuhai,珠海,22.27,113.58,20.4,10.2,19.3,5.3,9.0,0.4,46.5
2024-07,Dongguan,东莞,23.02,113.75,22.5,7.9,19.0,5.8,14.9,0.6,46.7
2024-07,Foshan,佛山,23.02,113.12,20.5,8.9,17.4,6.1,18.2,0.5,45.3
2024-07,Guangzhou,广州,23.13,113.26,23.5,10.0,20.6,5.2,18.9,0.6,47.4
2024-07,Huizhou,惠州,23.11,114.42,19.1,7.1,15.8,4.4,8.7,0.5,45.8
2024-07,Jiangmen,江门,22.58,113.08,20.0,7.9,18.7,4.7,12.7,0.4,42.3
2024-07,Shenzhen,深圳,22.54,114.06,15.5,5.6,14.8,5.1,11.0,0.5,36.1
2024-07,Zhaoqing,肇庆,23.05,112.47,23.5,10.1,20.2,8.8,16.6,0.4,46.4
2024-07,Zhongshan,中山,22.52,113.38,17.0,6.9,15.7,6.7,10.9,0.4,39.2
2024-07,Zhuhai,珠海,22.27,113.58,15.1,6.3,13.2,6.5,6.9,0.4,39.5
2024-08,Dongguan,东莞,23.02,113.75,37.9,18.9,33.3,5.6,23.6,0.7,63.8
2024-08,Foshan,佛山,23.02,113.12,30.5,16.9,27.7,6.8,22.2,0.6,58.1
2024-08,Guangzhou,广州,23.13,113.26,35.2,19.4,33.3,5.4,26.2,0.7,58.5
2024-08,Huizhou,惠州,23.11,114.42,33.8,16.9,30.2,4.6,17.3,0.6,63.1
2024-08,Jiangmen,江门,22.58,113.08,29.5,15.3,28.4,4.8,15.6,0.5,52.5
2024-08,Shenzhen,深圳,22.54,114.06,28.5,14.4,27.4,5.7,21.3,0.5,44.7
2024-08,Zhaoqing,肇庆,23.05,112.47,27.8,14.9,25.2,7.2,16.9,0.5,51.6
2024-08,Zhongshan,中山,22.52,113.38,27.3,14.6,26.5,4.8,13.0,0.5,54.6
2024-08,Zhuhai,珠海,22.27,113.58,23.9,12.7,21.3,6.1,9.2,0.5,56.0
2024-09,Dongguan,东莞,23.02,113.75,31.6,15.4,28.6,6.5,18.9,0.6,64.1
2024-09,Foshan,佛山,23.02,113.12,39.0,19.2,32.6,7.3,26.8,0.6,72.7
2024-09,Guangzhou,广州,23.13,113.26,32.5,17.3,30.1,5.6,23.9,0.7,59.9
2024-09,Huizhou,惠州,23.11,114.42,25.0,12.6,22.3,5.1,11.5,0.6,58.6
2024-09,Jiangmen,江门,22.58,113.08,43.3,20.3,35.2,4.9,20.4,0.6,82.2
2024-09,Shenzhen,深圳,22.54,114.06,26.3,12.5,24.9,6.4,16.9,0.5,57.4
2024-09,Zhaoqing,肇庆,23.05,112.47,29.7,15.4,25.0,5.5,17.3,0.4,64.8
2024-09,Zhongshan,中山,22.52,113.38,34.8,15.0,29.0,3.9,16.9,0.5,76.6
2024-09,Zhuhai,珠海,22.27,113.58,26.6,12.6,22.3,7.4,12.9,0.5,68.6
2024-10,Dongguan,东莞,23.02,113.75,36.7,18.9,34.3,7.9,18.0,0.6,84.4
2024-10,Foshan,佛山,23.02,113.12,43.7,23.5,41.1,9.3,26.7,0.6,88.7
2024-10,Guangzhou,广州,23.13,113.26,38.2,21.0,36.8,7.4,21.3,0.7,82.5
2024-10,Huizhou,惠州,23.11,114.42,33.8,18.3,31.9,7.2,11.7,0.6,84.8
2024-10,Jiangmen,江门,22.58,113.08,50.1,24.2,44.4,7.3,23.9,0.6,99.9
2024-10,Shenzhen,深圳,22.54,114.06,36.0,17.7,34.6,6.9,16.7,0.5,87.4
2024-10,Zhaoqing,肇庆,23.05,112.47,40.6,22.7,34.6,7.1,19.1,0.5,90.0
2024-10,Zhongshan,中山,22.52,113.38,44.2,20.1,38.5,6.1,21.6,0.5,96.3
2024-10,Zhuhai,珠海,22.27,113.58,44.2,20.4,38.9,7.6,18.8,0.5,97.1
2024-11,Dongguan,东莞,23.02,113.75,36.6,21.4,37.2,8.4,24.9,0.6,58.0
2024-11,Foshan,佛山,23.02,113.12,40.2,23.3,40.5,9.1,32.7,0.6,61.5
2024-11,Guangzhou,广州,23.13,113.26,37.5,22.1,38.0,7.0,25.8,0.6,61.8
2024-11,Huizhou,惠州,23.11,114.42,35.5,20.9,35.6,7.2,15.5,0.6,62.8
2024-11,Jiangmen,江门,22.58,113.08,46.3,26.3,47.4,7.4,35.5,0.6,64.5
2024-11,Shenzhen,深圳,22.54,114.06,38.6,20.9,39.3,6.5,24.8,0.6,64.3
2024-11,Zhaoqing,肇庆,23.05,112.47,35.8,21.1,34.6,7.4,22.7,0.5,66.9
2024-11,Zhongshan,中山,22.52,113.38,44.2,24.3,43.1,6.2,34.2,0.5,60.3
2024-11,Zhuhai,珠海,22.27,113.58,43.9,23.2,42.8,6.5,28.0,0.5,70.4
2024-12,Dongguan,东莞,23.02,113.75,53.1,35.2,57.6,8.3,36.1,0.7,65.6
2024-12,Foshan,佛山,23.02,113.12,65.8,45.2,73.0,10.7,50.0,0.8,60.1
2024-12,Guangzhou,广州,23.13,113.26,57.6,38.5,62.4,7.7,38.0,0.7,64.2
2024-12,Huizhou,惠州,23.11,114.42,51.1,33.2,53.7,9.2,21.7,0.6,74.0
2024-12,Jiangmen,江门,22.58,113.08,66.8,43.7,72.7,8.7,47.9,0.7,63.7
2024-12,Shenzhen,深圳,22.54,114.06,52.4,32.5,56.5,7.4,33.8,0.7,75.0
2024-12,Zhaoqing,肇庆,23.05,112.47,56.6,38.5,58.4,7.4,34.2,0.6,71.5
2024-12,Zhongshan,中山,22.52,113.38,62.1,41.6,65.1,6.1,45.0,0.6,59.8
2024-12,Zhuhai,珠海,22.27,113.58,60.9,39.6,67.2,7.8,38.9,0.6,70.3
