city,month,PM2.5,PM10,SO2,NO2,CO,O3_MDA8
Dongguan,2015-01,61.3,88.3,21.8,52.9,1.04,104.6
Dongguan,2015-02,52.0,69.0,13.5,35.5,0.96,96.2
Dongguan,2015-03,33.7,49.7,12.9,38.8,0.93,65.1
Dongguan,2015-04,33.2,,13.3,35.5,0.81,
Dongguan,2015-05,23.4,,8.1,30.8,0.8,
Dongguan,2015-06,16.4,,8.0,21.5,0.67,
Dongguan,2015-07,23.5,35.6,9.5,24.5,0.63,
Dongguan,2015-08,31.2,45.3,12.2,31.7,0.73,135.4
Dongguan,2015-09,38.2,54.1,13.4,30.5,0.73,144.8
Dongguan,2015-10,46.1,65.8,17.2,33.6,0.82,123.5
Dongguan,2015-11,41.8,60.9,17.4,35.2,0.87,93.9
Dongguan,2015-12,38.6,52.4,16.2,36.9,0.98,58.1
Dongguan,2016-01,35.1,46.1,13.8,35.8,0.97,49.5
Dongguan,2016-02,33.7,44.4,7.5,23.4,0.78,65.1
Dongguan,2016-03,47.2,63.7,10.5,48.5,0.81,73.6
Dongguan,2016-04,34.9,48.7,8.5,38.7,0.8,65.9
Dongguan,2016-05,28.4,42.9,7.8,24.8,0.65,105.4
Dongguan,2016-06,21.5,35.1,8.0,29.8,0.69,107.1
Dongguan,2016-07,24.1,39.3,9.3,25.8,0.58,116.1
Dongguan,2016-08,35.1,52.3,12.4,32.2,0.73,135.5
Dongguan,2016-09,35.9,52.6,14.7,34.3,0.75,113.4
Dongguan,2016-10,31.9,45.1,14.5,30.2,0.82,87.2
Dongguan,2016-11,39.8,57.2,14.7,37.9,1.02,90.4
Dongguan,2016-12,,,,,,
Dongguan,2017-01,51.7,69.5,12.5,41.7,1.08,82.7
Dongguan,2017-02,41.8,55.1,12.0,44.1,0.96,106.0
Dongguan,2017-03,37.9,59.8,11.0,51.8,0.99,70.5
Dongguan,2017-04,39.1,52.1,10.7,44.1,0.86,96.8
Dongguan,2017-05,39.7,54.8,13.2,39.6,0.86,127.0
Dongguan,2017-06,19.3,32.5,9.0,33.1,0.78,78.5
Dongguan,2017-07,22.8,36.4,10.8,34.2,0.82,87.1
Dongguan,2017-08,24.0,37.5,11.0,33.0,0.8,121.5
Dongguan,2017-09,34.6,49.1,12.5,38.4,0.88,142.4
Dongguan,2017-10,35.8,48.5,11.8,30.6,0.89,116.7
Dongguan,2017-11,43.7,56.6,11.9,41.8,1.03,79.8
Dongguan,2017-12,54.8,73.0,18.0,53.2,1.1,89.9
Dongguan,2018-01,59.6,,14.7,60.0,1.08,84.9
Dongguan,2018-02,44.1,,9.7,32.3,0.92,92.1
Dongguan,2018-03,42.6,57.2,11.8,47.7,0.91,124.2
Dongguan,2018-04,41.7,63.3,11.7,42.4,0.84,108.2
Dongguan,2018-05,24.5,39.7,7.7,28.3,0.6,122.8
Dongguan,2018-06,23.7,37.3,8.0,29.2,0.67,101.9
Dongguan,2018-07,20.5,35.9,7.5,27.9,0.59,95.5
Dongguan,2018-08,,,,,,115.8
Dongguan,2018-09,,,,,,
Dongguan,2018-10,37.6,54.0,10.3,37.9,0.77,113.2
Dongguan,2018-11,42.3,58.8,11.1,41.9,0.85,86.6
Dongguan,2018-12,,,,,,
Dongguan,2019-01,50.4,64.6,10.2,46.5,1.12,74.6
Dongguan,2019-02,27.0,33.8,7.1,26.1,0.79,64.4
Dongguan,2019-03,31.4,46.8,9.0,41.4,0.83,73.8
Dongguan,2019-04,26.6,40.9,9.7,35.8,0.77,86.3
Dongguan,2019-05,21.5,38.1,8.8,30.5,0.69,98.6
Dongguan,2019-06,14.6,26.9,7.6,25.8,0.7,98.1
Dongguan,2019-07,18.2,33.7,7.3,28.0,0.67,103.4
Dongguan,2019-08,,,,,,
Dongguan,2019-09,,,,,,
Dongguan,2019-10,41.0,61.6,12.3,34.8,0.78,159.4
Dongguan,2019-11,46.8,77.3,14.2,47.0,0.8,148.6
Dongguan,2019-12,49.8,75.7,13.9,56.3,0.83,104.8
Dongguan,2020-01,36.9,45.7,8.6,33.3,0.79,92.8
Dongguan,2020-02,27.6,30.6,8.4,18.7,0.59,87.3
Dongguan,2020-03,24.1,37.7,8.3,27.2,0.61,76.2
Dongguan,2020-04,29.5,44.6,9.6,33.7,0.67,108.7
Dongguan,2020-05,17.9,31.9,7.2,24.7,0.66,102.1
Dongguan,2020-06,9.5,19.9,5.9,19.2,0.52,72.1
Dongguan,2020-07,9.8,21.2,6.6,18.0,0.52,100.5
Dongguan,2020-08,17.6,29.8,7.0,24.5,0.6,113.2
Dongguan,2020-09,21.6,36.0,7.2,28.0,0.66,112.0
Dongguan,2020-10,27.1,44.5,9.1,24.0,0.66,111.8
Dongguan,2020-11,31.9,53.5,10.6,33.7,0.67,117.4
Dongguan,2020-12,37.5,55.7,11.5,36.9,0.76,94.4
Dongguan,2021-01,44.9,80.9,12.8,55.1,0.78,113.5
Dongguan,2021-02,25.1,40.7,10.0,25.8,0.65,123.9
Dongguan,2021-03,24.9,49.9,9.4,34.2,0.66,99.4
Dongguan,2021-04,24.2,51.2,8.2,31.2,0.72,119.3
Dongguan,2021-05,12.9,26.3,6.9,17.5,0.57,97.8
Dongguan,2021-06,13.4,27.3,7.4,19.2,0.54,93.6
Dongguan,2021-07,14.3,27.8,7.6,19.8,0.58,112.7
Dongguan,2021-08,13.8,26.6,7.9,24.6,0.59,99.9
Dongguan,2021-09,19.9,36.6,7.4,26.6,0.61,141.1
Dongguan,2021-10,19.3,32.7,7.3,22.1,0.61,90.9
Dongguan,2021-11,24.7,47.3,9.5,34.2,0.56,104.5
Dongguan,2021-12,29.2,51.4,10.3,38.6,0.67,88.7
Dongguan,2022-01,31.3,49.0,7.8,37.0,0.88,82.9
Dongguan,2022-02,17.0,25.1,7.2,21.9,0.77,73.6
Dongguan,2022-03,21.7,38.2,7.9,29.6,0.71,125.0
Dongguan,2022-04,20.7,39.6,8.3,27.1,0.63,121.7
Dongguan,2022-05,17.5,31.5,6.8,24.7,0.68,111.3
Dongguan,2022-06,9.3,19.8,5.3,18.9,0.52,74.6
Dongguan,2022-07,15.1,29.5,6.7,20.5,0.6,135.4
Dongguan,2022-08,12.7,25.0,7.3,22.0,0.72,109.4
Dongguan,2022-09,28.3,49.0,10.1,24.5,0.85,166.3
Dongguan,2022-10,21.8,43.4,10.9,24.2,0.73,138.6
Dongguan,2022-11,23.9,41.1,8.6,31.7,0.8,86.8
Dongguan,2022-12,23.2,39.2,9.3,28.7,0.66,72.1
Dongguan,2023-01,26.7,41.7,8.5,19.6,0.62,73.5
Dongguan,2023-02,26.4,47.9,8.5,30.8,0.58,107.7
Dongguan,2023-03,26.8,54.5,9.1,31.7,0.61,111.2
Dongguan,2023-04,21.4,41.3,8.7,26.4,0.69,107.3
Dongguan,2023-05,19.5,36.3,8.9,20.8,0.63,116.5
Dongguan,2023-06,13.3,24.3,7.5,18.9,0.65,107.9
Dongguan,2023-07,10.8,21.9,8.1,17.6,0.66,100.2
Dongguan,2023-08,14.1,26.6,7.6,20.5,0.73,102.4
Dongguan,2023-09,14.8,26.8,7.0,21.4,0.68,94.2
Dongguan,2023-10,21.6,34.9,6.9,20.2,0.75,107.9
Dongguan,2023-11,28.7,56.0,7.5,34.0,0.73,121.3
Dongguan,2023-12,29.9,52.3,9.0,36.5,0.79,87.1
Dongguan,2024-01,33.7,57.4,8.9,37.9,0.81,109.4
Dongguan,2024-02,18.8,29.7,7.4,15.3,0.75,67.6
Dongguan,2024-03,23.2,45.4,8.1,26.7,0.76,87.6
Dongguan,2024-04,18.6,31.3,7.7,21.6,0.74,78.5
Dongguan,2024-05,18.4,32.6,7.8,22.4,0.77,116.8
Dongguan,2024-06,10.9,22.1,6.1,15.4,0.67,72.9
Dongguan,2024-07,8.9,20.4,5.8,14.6,0.64,82.9
Dongguan,2024-08,18.9,33.5,5.8,24.2,0.74,123.4
Dongguan,2024-09,15.6,28.2,6.7,20.7,0.66,110.5
Dongguan,2024-10,20.1,36.2,7.7,17.5,0.65,118.7
Dongguan,2024-11,18.9,32.8,8.3,22.4,0.64,81.6
Dongguan,2024-12,35.8,59.6,8.1,36.2,0.74,111.5
Foshan,2015-01,58.9,86.9,24.7,62.4,1.25,71.9
Foshan,2015-02,52.5,69.7,14.0,45.0,1.05,73.6
Foshan,2015-03,36.6,52.8,15.2,45.1,1.12,35.7
Foshan,2015-04,34.1,53.1,18.3,39.3,0.89,
Foshan,2015-05,24.5,38.6,13.5,38.0,0.84,
Foshan,2015-06,20.8,34.7,14.8,28.1,0.68,
Foshan,2015-07,31.6,47.5,14.2,29.5,0.78,
Foshan,2015-08,40.1,59.6,17.9,36.2,0.79,118.4
Foshan,2015-09,38.3,55.1,14.7,31.1,0.86,120.6
Foshan,2015-10,52.3,76.9,22.5,44.6,0.87,98.8
Foshan,2015-11,43.1,69.7,20.5,45.4,0.99,71.0
Foshan,2015-12,43.3,64.2,17.2,41.8,1.05,41.4
Foshan,2016-01,36.8,50.2,13.9,41.2,1.04,36.5
Foshan,2016-02,36.6,48.9,10.4,32.2,0.79,62.3
Foshan,2016-03,46.5,68.7,16.2,57.8,0.93,64.9
Foshan,2016-04,32.6,51.2,12.8,46.1,0.86,63.2
Foshan,2016-05,27.9,45.6,11.4,35.3,0.74,102.2
Foshan,2016-06,21.2,36.6,11.2,30.8,0.66,101.0
Foshan,2016-07,25.8,42.0,14.4,28.3,0.67,104.6
Foshan,2016-08,38.1,56.1,15.4,35.4,0.75,129.3
Foshan,2016-09,40.2,59.0,14.0,37.0,0.77,120.3
Foshan,2016-10,36.8,52.9,14.2,36.9,0.8,96.3
Foshan,2016-11,51.7,76.2,16.0,51.9,0.97,80.5
Foshan,2016-12,,,,,,
Foshan,2017-01,66.2,87.9,10.7,51.4,1.03,82.7
Foshan,2017-02,48.7,68.7,13.2,46.9,0.79,94.0
Foshan,2017-03,45.3,79.5,12.9,56.0,0.89,59.9
Foshan,2017-04,39.8,70.2,12.9,48.5,0.81,96.5
Foshan,2017-05,40.2,66.9,12.4,41.2,0.83,142.3
Foshan,2017-06,19.4,36.7,9.4,27.3,0.69,82.6
Foshan,2017-07,24.1,40.6,10.5,35.8,0.76,99.9
Foshan,2017-08,22.1,38.9,11.0,29.1,0.66,106.1
Foshan,2017-09,36.4,58.2,13.6,40.7,0.79,146.2
Foshan,2017-10,35.5,58.3,13.1,39.5,0.77,124.1
Foshan,2017-11,42.7,69.2,15.0,50.9,0.91,67.8
Foshan,2017-12,57.7,93.7,21.1,65.9,0.99,79.0
Foshan,2018-01,58.3,95.3,16.3,66.9,1.05,67.8
Foshan,2018-02,42.8,65.5,8.1,34.1,0.74,82.8
Foshan,2018-03,37.6,67.4,11.1,47.0,0.78,108.3
Foshan,2018-04,37.3,74.7,11.0,44.1,0.79,95.0
Foshan,2018-05,22.4,42.5,10.3,28.3,0.68,111.2
Foshan,2018-06,21.8,39.6,8.5,30.1,0.71,119.2
Foshan,2018-07,18.8,36.8,8.2,27.6,0.6,100.6
Foshan,2018-08,,,,,,119.9
Foshan,2018-09,,,,,,
Foshan,2018-10,36.3,65.0,12.6,43.1,0.77,118.1
Foshan,2018-11,42.4,74.1,10.6,50.3,0.83,80.7
Foshan,2018-12,,,,,,
Foshan,2019-01,44.4,78.4,10.2,51.2,1.12,58.2
Foshan,2019-02,26.3,49.0,5.8,30.3,0.98,45.6
Foshan,2019-03,30.1,55.8,9.2,48.8,0.9,61.7
Foshan,2019-04,25.2,47.0,7.8,41.3,0.84,65.0
Foshan,2019-05,21.5,40.6,6.0,35.8,0.78,85.5
Foshan,2019-06,14.4,29.9,6.3,28.4,0.7,92.4
Foshan,2019-07,17.3,33.8,6.9,27.8,0.74,87.5
Foshan,2019-08,,,,,,
Foshan,2019-09,,,,,,
Foshan,2019-10,36.6,65.8,11.3,38.3,0.84,151.1
Foshan,2019-11,44.8,90.3,13.5,57.5,0.83,149.7
Foshan,2019-12,45.6,90.1,13.9,66.6,1.01,86.1
Foshan,2020-01,28.3,53.5,7.9,39.0,0.88,76.6
Foshan,2020-02,22.5,34.5,5.8,24.7,0.6,77.1
Foshan,2020-03,21.9,42.0,6.0,35.4,0.7,59.8
Foshan,2020-04,26.3,49.6,8.7,38.5,0.73,100.8
Foshan,2020-05,18.5,35.7,6.8,26.2,0.64,104.6
Foshan,2020-06,9.4,23.1,6.5,21.3,0.52,72.0
Foshan,2020-07,9.9,23.1,6.7,16.8,0.48,95.2
Foshan,2020-08,17.2,31.4,7.0,23.8,0.56,110.8
Foshan,2020-09,21.8,38.4,7.4,32.3,0.77,104.7
Foshan,2020-10,27.1,51.6,8.2,31.2,0.69,114.6
Foshan,2020-11,32.6,66.3,9.3,40.6,0.77,111.8
Foshan,2020-12,36.2,68.6,9.5,44.5,0.83,73.5
Foshan,2021-01,48.4,89.6,10.9,60.7,0.87,89.9
Foshan,2021-02,25.6,43.5,5.7,23.7,0.64,114.1
Foshan,2021-03,30.1,62.6,7.0,37.1,0.77,82.1
Foshan,2021-04,23.8,49.4,6.5,31.8,0.75,104.5
Foshan,2021-05,13.2,29.7,6.4,18.1,0.5,88.5
Foshan,2021-06,14.0,29.7,6.2,21.8,0.48,97.1
Foshan,2021-07,14.0,29.2,7.4,19.8,0.45,113.2
Foshan,2021-08,13.8,28.7,7.3,23.6,0.53,99.6
Foshan,2021-09,20.8,39.9,8.0,27.7,0.57,145.2
Foshan,2021-10,20.1,37.0,7.5,28.6,0.63,100.2
Foshan,2021-11,24.3,51.3,9.5,42.4,0.6,94.6
Foshan,2021-12,33.2,61.7,9.0,51.9,0.73,81.5
Foshan,2022-01,31.8,55.3,6.5,46.5,0.95,66.6
Foshan,2022-02,16.0,24.4,4.8,25.3,0.73,57.5
Foshan,2022-03,24.2,46.6,6.4,35.7,0.69,98.7
Foshan,2022-04,20.9,42.1,6.6,28.4,0.7,109.3
Foshan,2022-05,18.8,34.2,6.2,27.8,0.72,103.4
Foshan,2022-06,9.8,20.0,5.2,17.9,0.57,67.2
Foshan,2022-07,15.2,27.0,5.5,17.5,0.49,105.6
Foshan,2022-08,12.7,22.0,5.5,21.4,0.49,94.0
Foshan,2022-09,30.9,52.0,7.3,27.1,0.68,170.0
Foshan,2022-10,25.2,48.7,7.9,28.0,0.62,150.2
Foshan,2022-11,24.2,40.8,6.6,34.8,0.72,80.3
Foshan,2022-12,27.1,43.8,7.5,33.4,0.64,67.3
Foshan,2023-01,28.1,40.6,5.9,23.0,0.66,67.7
Foshan,2023-02,30.9,52.8,7.5,37.3,0.73,93.7
Foshan,2023-03,28.5,56.0,6.9,35.4,0.67,104.2
Foshan,2023-04,23.0,42.9,6.5,31.3,0.67,86.6
Foshan,2023-05,20.4,37.3,5.9,24.6,0.65,103.6
Foshan,2023-06,14.2,24.1,5.2,21.0,0.57,98.3
Foshan,2023-07,11.4,20.7,6.2,15.8,0.54,95.7
Foshan,2023-08,14.4,23.6,5.8,19.5,0.58,98.4
Foshan,2023-09,15.0,25.3,5.8,24.6,0.6,100.1
Foshan,2023-10,23.6,37.6,6.5,27.5,0.7,110.5
Foshan,2023-11,32.8,61.9,8.1,42.6,0.7,116.3
Foshan,2023-12,33.1,59.0,8.1,44.4,0.75,70.4
Foshan,2024-01,36.8,63.3,8.0,43.0,0.77,89.4
Foshan,2024-02,18.4,29.9,6.9,16.7,0.64,57.7
Foshan,2024-03,25.7,50.0,6.9,35.1,0.69,69.4
Foshan,2024-04,19.5,33.8,6.6,27.1,0.59,71.4
Foshan,2024-05,19.7,35.4,6.1,29.5,0.62,116.9
Foshan,2024-06,11.8,20.8,5.8,20.2,0.56,70.3
Foshan,2024-07,9.3,17.9,6.1,17.2,0.5,81.9
Foshan,2024-08,17.2,28.8,6.8,23.4,0.6,108.8
Foshan,2024-09,18.0,30.3,7.3,26.1,0.61,123.2
Foshan,2024-10,23.6,41.2,9.0,26.2,0.63,133.3
Foshan,2024-11,21.5,37.2,8.8,29.9,0.62,90.9
Foshan,2024-12,43.7,71.0,10.4,48.2,0.78,105.8
Guangzhou,2015-01,61.0,86.0,20.6,68.3,1.3,66.2
Guangzhou,2015-02,55.5,75.7,12.6,52.3,1.1,63.6
Guangzhou,2015-03,34.5,51.7,10.4,47.9,1.05,36.4
Guangzhou,2015-04,38.5,59.9,14.3,47.6,1.08,
Guangzhou,2015-05,27.3,43.2,13.0,44.5,0.86,
Guangzhou,2015-06,21.4,37.6,10.8,33.9,0.76,
Guangzhou,2015-07,28.7,46.5,9.7,33.6,0.83,
Guangzhou,2015-08,38.0,59.4,12.8,38.3,0.89,125.8
Guangzhou,2015-09,41.6,65.2,11.2,43.8,0.9,116.5
Guangzhou,2015-10,44.5,76.4,11.6,51.1,0.91,90.1
Guangzhou,2015-11,38.5,68.1,14.0,50.8,1.02,68.2
Guangzhou,2015-12,41.4,62.7,11.5,50.2,1.07,39.6
Guangzhou,2016-01,35.0,54.3,8.6,49.3,1.09,35.6
Guangzhou,2016-02,36.2,54.2,9.4,40.4,0.86,60.3
Guangzhou,2016-03,47.4,71.1,13.4,61.0,1.06,63.2
Guangzhou,2016-04,38.1,54.9,13.3,50.7,1.05,47.3
Guangzhou,2016-05,29.5,49.1,10.6,37.9,0.92,90.2
Guangzhou,2016-06,23.3,40.7,9.4,32.4,0.84,99.0
Guangzhou,2016-07,26.6,44.7,11.9,33.6,0.86,112.1
Guangzhou,2016-08,38.1,57.3,14.4,41.2,0.91,125.7
Guangzhou,2016-09,36.3,57.4,12.2,41.7,0.92,106.8
Guangzhou,2016-10,29.9,48.3,10.5,35.2,0.9,79.0
Guangzhou,2016-11,40.6,68.2,14.3,60.5,1.0,77.0
Guangzhou,2016-12,,,,,,
Guangzhou,2017-01,53.3,76.7,11.4,63.6,1.18,74.9
Guangzhou,2017-02,43.7,63.2,12.7,59.1,0.9,88.9
Guangzhou,2017-03,41.5,66.6,12.1,65.5,0.95,57.4
Guangzhou,2017-04,34.4,61.3,12.4,57.8,0.82,87.9
Guangzhou,2017-05,34.0,57.6,12.3,52.1,0.84,125.9
Guangzhou,2017-06,18.3,35.3,9.9,38.9,0.72,81.2
Guangzhou,2017-07,21.1,36.9,12.2,41.9,0.77,88.8
Guangzhou,2017-08,23.0,41.1,11.1,39.5,0.76,110.7
Guangzhou,2017-09,35.0,57.0,11.9,50.5,0.93,138.1
Guangzhou,2017-10,31.7,50.7,10.9,41.9,0.86,108.1
Guangzhou,2017-11,38.7,61.5,10.9,50.8,0.95,67.8
Guangzhou,2017-12,51.0,78.7,15.9,65.3,0.97,78.1
Guangzhou,2018-01,61.0,85.2,13.8,75.0,1.14,65.3
Guangzhou,2018-02,44.2,57.7,10.4,44.4,0.78,83.4
Guangzhou,2018-03,42.8,64.9,13.2,61.4,0.83,105.1
Guangzhou,2018-04,40.3,69.5,11.7,54.2,0.82,94.6
Guangzhou,2018-05,24.6,43.6,10.3,40.5,0.71,124.4
Guangzhou,2018-06,22.4,37.9,8.4,39.7,0.74,107.2
Guangzhou,2018-07,19.6,37.6,8.2,35.4,0.69,98.6
Guangzhou,2018-08,,,,,,115.2
Guangzhou,2018-09,,,,,,
Guangzhou,2018-10,34.3,55.5,10.0,47.6,0.76,108.9
Guangzhou,2018-11,39.1,60.2,7.8,51.0,0.86,77.1
Guangzhou,2018-12,,,,,,
Guangzhou,2019-01,47.6,67.9,6.7,54.1,1.16,64.1
Guangzhou,2019-02,25.7,41.8,4.9,34.8,0.95,51.9
Guangzhou,2019-03,28.5,51.5,6.3,51.9,0.87,67.9
Guangzhou,2019-04,23.9,42.0,6.5,46.7,0.81,72.1
Guangzhou,2019-05,20.7,37.8,5.6,39.2,0.74,92.0
Guangzhou,2019-06,15.6,29.6,5.4,33.7,0.68,100.0
Guangzhou,2019-07,18.6,35.7,5.6,31.9,0.65,97.5
Guangzhou,2019-08,,,,,,
Guangzhou,2019-09,,,,,,
Guangzhou,2019-10,38.2,65.2,8.6,42.3,0.82,148.3
Guangzhou,2019-11,43.3,84.6,9.7,58.5,0.84,141.4
Guangzhou,2019-12,42.6,85.0,10.1,67.9,0.98,85.0
Guangzhou,2020-01,29.2,52.8,6.3,44.1,0.92,79.1
Guangzhou,2020-02,23.9,34.8,5.4,29.6,0.72,80.8
Guangzhou,2020-03,21.2,39.4,6.3,38.7,0.74,65.6
Guangzhou,2020-04,26.7,52.5,7.8,47.8,0.8,107.3
Guangzhou,2020-05,18.4,36.9,6.2,33.0,0.7,114.1
Guangzhou,2020-06,11.7,26.2,5.9,28.1,0.62,84.6
Guangzhou,2020-07,11.6,27.9,6.2,24.1,0.58,110.4
Guangzhou,2020-08,17.6,33.0,6.9,30.7,0.63,121.0
Guangzhou,2020-09,21.0,38.3,7.3,39.0,0.8,107.1
Guangzhou,2020-10,27.6,49.8,7.7,32.6,0.78,112.0
Guangzhou,2020-11,32.4,62.3,8.9,44.4,0.84,112.8
Guangzhou,2020-12,36.3,64.7,9.6,45.3,0.91,80.5
Guangzhou,2021-01,46.0,88.7,10.3,59.0,0.85,92.5
Guangzhou,2021-02,28.3,46.7,7.6,31.4,0.73,114.5
Guangzhou,2021-03,28.9,60.2,8.3,41.7,0.81,83.8
Guangzhou,2021-04,25.2,51.7,7.4,36.6,0.8,107.3
Guangzhou,2021-05,16.4,34.6,6.9,26.0,0.64,102.9
Guangzhou,2021-06,15.0,30.2,6.8,25.5,0.64,100.8
Guangzhou,2021-07,16.2,32.7,6.8,24.3,0.64,119.7
Guangzhou,2021-08,15.4,31.1,6.5,28.2,0.66,101.5
Guangzhou,2021-09,21.8,39.7,6.9,30.9,0.73,135.2
Guangzhou,2021-10,20.4,35.4,7.0,26.9,0.72,89.9
Guangzhou,2021-11,25.4,51.0,8.0,38.3,0.64,92.2
Guangzhou,2021-12,30.9,57.1,7.9,42.7,0.77,78.7
Guangzhou,2022-01,31.4,52.6,7.0,40.4,0.97,65.5
Guangzhou,2022-02,15.7,24.8,6.1,22.7,0.8,59.1
Guangzhou,2022-03,23.8,45.4,7.0,36.7,0.78,98.2
Guangzhou,2022-04,21.1,41.7,7.1,30.0,0.7,107.7
Guangzhou,2022-05,18.3,33.2,6.4,28.4,0.7,98.2
Guangzhou,2022-06,11.4,23.9,5.6,22.8,0.59,73.2
Guangzhou,2022-07,17.1,32.4,6.0,21.2,0.61,122.8
Guangzhou,2022-08,13.5,25.9,5.7,22.7,0.62,100.4
Guangzhou,2022-09,31.3,52.8,6.6,29.6,0.76,159.4
Guangzhou,2022-10,25.5,48.9,7.3,28.0,0.63,139.7
Guangzhou,2022-11,23.5,39.5,5.2,32.8,0.76,78.0
Guangzhou,2022-12,25.5,43.1,6.4,28.6,0.66,70.4
Guangzhou,2023-01,28.8,44.1,5.7,22.3,0.7,69.2
Guangzhou,2023-02,31.2,53.2,6.2,36.8,0.78,91.1
Guangzhou,2023-03,29.9,59.3,6.3,38.9,0.73,103.3
Guangzhou,2023-04,22.9,43.5,5.7,31.9,0.73,89.7
Guangzhou,2023-05,21.6,39.6,5.5,25.7,0.66,106.8
Guangzhou,2023-06,14.7,26.5,5.2,21.6,0.67,102.6
Guangzhou,2023-07,12.8,25.4,5.9,18.7,0.59,107.0
Guangzhou,2023-08,15.7,29.3,5.8,22.5,0.67,102.6
Guangzhou,2023-09,16.0,27.6,5.8,23.6,0.65,95.8
Guangzhou,2023-10,23.1,36.7,5.6,25.7,0.7,100.1
Guangzhou,2023-11,31.0,58.5,6.4,40.9,0.71,110.7
Guangzhou,2023-12,30.7,54.8,6.7,42.0,0.76,71.4
Guangzhou,2024-01,34.9,58.9,6.5,42.5,0.8,90.8
Guangzhou,2024-02,20.0,31.0,5.5,19.1,0.7,60.6
Guangzhou,2024-03,24.6,46.9,5.8,34.6,0.75,75.4
Guangzhou,2024-04,19.4,32.9,5.5,28.9,0.68,75.2
Guangzhou,2024-05,18.1,32.1,5.5,27.6,0.66,109.1
Guangzhou,2024-06,12.0,22.7,4.9,21.7,0.61,76.3
Guangzhou,2024-07,10.9,22.1,5.2,18.8,0.58,88.5
Guangzhou,2024-08,19.3,33.1,5.4,26.4,0.66,117.2
Guangzhou,2024-09,16.6,28.7,5.5,23.2,0.67,108.3
Guangzhou,2024-10,22.1,38.1,7.2,21.2,0.66,120.1
Guangzhou,2024-11,20.4,34.9,7.0,23.5,0.64,84.4
Guangzhou,2024-12,38.2,62.8,7.6,38.1,0.72,104.2
Huizhou,2015-01,39.3,74.4,12.8,31.7,1.04,96.1
Huizhou,2015-02,37.4,67.5,10.4,21.5,0.93,96.3
Huizhou,2015-03,23.5,45.0,8.2,20.5,0.85,68.7
Huizhou,2015-04,26.3,53.0,9.0,23.8,0.8,
Huizhou,2015-05,18.4,37.6,7.7,18.5,0.76,
Huizhou,2015-06,13.2,32.1,9.6,16.6,0.72,
Huizhou,2015-07,21.6,40.8,9.5,15.9,0.69,
Huizhou,2015-08,25.0,47.0,10.8,19.6,0.75,101.9
Huizhou,2015-09,29.4,50.2,11.1,20.9,0.76,113.2
Huizhou,2015-10,34.6,57.3,11.4,20.8,0.8,98.5
Huizhou,2015-11,31.0,53.5,11.2,22.1,0.9,84.4
Huizhou,2015-12,29.2,48.2,9.1,24.1,0.83,59.1
Huizhou,2016-01,26.7,41.4,6.9,25.4,0.96,53.4
Huizhou,2016-02,29.9,45.5,7.5,17.7,0.76,72.5
Huizhou,2016-03,34.2,54.0,8.4,30.4,0.84,79.1
Huizhou,2016-04,24.9,42.8,7.6,26.2,0.73,74.8
Huizhou,2016-05,20.8,40.3,8.1,18.2,0.69,94.8
Huizhou,2016-06,14.1,33.8,7.6,20.4,0.64,85.3
Huizhou,2016-07,19.8,40.9,10.0,22.2,0.6,105.0
Huizhou,2016-08,25.5,43.5,7.5,23.4,0.71,102.9
Huizhou,2016-09,26.4,43.9,7.5,20.1,0.72,93.7
Huizhou,2016-10,24.0,40.8,6.9,18.3,0.79,70.6
Huizhou,2016-11,31.0,52.0,8.1,25.5,0.89,79.8
Huizhou,2016-12,,,,,,
Huizhou,2017-01,40.8,62.0,7.3,27.3,0.96,84.8
Huizhou,2017-02,33.1,52.2,7.7,23.8,0.83,101.0
Huizhou,2017-03,29.5,57.8,8.3,28.9,0.86,84.1
Huizhou,2017-04,29.9,56.0,9.5,27.2,0.81,97.8
Huizhou,2017-05,27.8,51.8,8.6,23.5,0.79,109.1
Huizhou,2017-06,13.9,31.8,6.0,19.3,0.57,63.1
Huizhou,2017-07,15.1,32.0,6.9,17.2,0.58,60.6
Huizhou,2017-08,20.7,42.7,8.2,24.8,0.64,100.8
Huizhou,2017-09,25.5,49.4,9.1,25.7,0.71,108.5
Huizhou,2017-10,30.2,53.1,9.1,20.9,0.79,101.8
Huizhou,2017-11,39.0,60.8,9.9,30.2,0.92,79.2
Huizhou,2017-12,48.8,74.7,12.4,35.5,1.03,91.3
Huizhou,2018-01,40.4,60.8,9.1,35.5,1.05,77.6
Huizhou,2018-02,40.6,59.1,9.0,24.4,0.68,86.1
Huizhou,2018-03,30.3,52.1,8.2,27.2,0.61,109.4
Huizhou,2018-04,31.9,61.0,7.8,25.1,0.58,101.8
Huizhou,2018-05,22.2,45.2,7.6,23.4,0.58,119.6
Huizhou,2018-06,18.4,35.0,6.8,19.8,0.61,95.0
Huizhou,2018-07,16.7,34.7,8.0,18.9,0.59,83.3
Huizhou,2018-08,,,,,,98.8
Huizhou,2018-09,,,,,,
Huizhou,2018-10,29.1,51.5,8.9,21.3,0.64,117.6
Huizhou,2018-11,28.8,48.9,9.1,24.7,0.7,88.4
Huizhou,2018-12,,,,,,
Huizhou,2019-01,38.2,57.7,9.1,32.2,1.01,73.1
Huizhou,2019-02,22.4,31.8,7.4,15.4,0.74,70.4
Huizhou,2019-03,23.2,41.3,6.5,24.7,0.68,81.1
Huizhou,2019-04,21.6,40.8,6.6,25.4,0.67,91.7
Huizhou,2019-05,16.8,34.9,5.8,17.9,0.55,87.3
Huizhou,2019-06,11.6,26.7,5.6,18.9,0.58,79.5
Huizhou,2019-07,15.1,35.0,6.2,19.7,0.54,83.4
Huizhou,2019-08,,,,,,
Huizhou,2019-09,,,,,,
Huizhou,2019-10,31.9,61.2,9.0,24.0,0.67,127.8
Huizhou,2019-11,37.0,75.1,10.4,33.2,0.69,124.3
Huizhou,2019-12,39.4,73.3,10.2,37.7,0.79,88.9
Huizhou,2020-01,28.3,44.3,7.0,20.8,0.82,83.5
Huizhou,2020-02,19.2,27.7,6.1,11.1,0.56,76.4
Huizhou,2020-03,20.8,35.9,6.8,17.6,0.58,78.5
Huizhou,2020-04,23.0,44.7,8.2,22.7,0.57,101.6
Huizhou,2020-05,14.6,33.2,6.8,17.0,0.53,88.6
Huizhou,2020-06,8.0,22.3,6.3,14.7,0.44,68.2
Huizhou,2020-07,8.9,25.0,7.0,15.0,0.47,86.2
Huizhou,2020-08,13.6,29.9,7.5,15.4,0.55,86.4
Huizhou,2020-09,16.9,35.7,8.9,17.2,0.64,98.9
Huizhou,2020-10,24.6,48.3,10.8,16.7,0.64,108.5
Huizhou,2020-11,28.1,56.3,10.7,22.5,0.64,105.6
Huizhou,2020-12,34.7,58.6,10.6,26.9,0.72,87.3
Huizhou,2021-01,36.7,72.5,10.7,32.5,0.63,108.9
Huizhou,2021-02,22.9,38.4,7.2,15.4,0.51,108.8
Huizhou,2021-03,22.9,47.8,8.3,21.3,0.58,96.9
Huizhou,2021-04,21.1,49.5,8.9,19.6,0.56,114.7
Huizhou,2021-05,12.2,29.1,7.3,15.6,0.49,93.9
Huizhou,2021-06,10.7,26.4,6.6,14.8,0.51,85.8
Huizhou,2021-07,11.8,27.3,6.2,14.7,0.51,90.0
Huizhou,2021-08,11.6,27.7,6.1,18.8,0.52,85.8
Huizhou,2021-09,16.3,36.5,6.9,17.9,0.54,114.2
Huizhou,2021-10,16.8,32.4,7.3,15.1,0.57,86.5
Huizhou,2021-11,22.7,48.1,9.5,23.1,0.55,103.5
Huizhou,2021-12,26.5,47.9,7.6,26.0,0.6,83.6
Huizhou,2022-01,27.1,41.0,3.9,23.9,0.74,79.9
Huizhou,2022-02,13.4,20.0,2.9,12.0,0.61,70.9
Huizhou,2022-03,18.4,35.7,4.7,19.5,0.62,96.3
Huizhou,2022-04,16.5,36.0,4.2,16.4,0.55,103.6
Huizhou,2022-05,12.8,25.4,3.9,13.0,0.52,91.1
Huizhou,2022-06,7.3,18.9,3.7,13.1,0.41,64.6
Huizhou,2022-07,11.8,28.3,3.8,12.9,0.41,102.9
Huizhou,2022-08,10.2,23.4,4.3,12.8,0.5,81.5
Huizhou,2022-09,26.1,50.0,5.6,16.2,0.72,139.3
Huizhou,2022-10,20.6,45.0,6.5,15.1,0.66,120.0
Huizhou,2022-11,17.5,32.9,5.0,18.0,0.54,77.2
Huizhou,2022-12,23.6,37.8,6.1,19.3,0.56,67.8
Huizhou,2023-01,28.3,43.2,4.7,14.8,0.63,69.0
Huizhou,2023-02,24.5,42.2,5.2,17.9,0.62,92.4
Huizhou,2023-03,25.0,49.6,6.3,20.9,0.56,104.7
Huizhou,2023-04,18.7,37.6,5.8,14.7,0.58,95.2
Huizhou,2023-05,17.2,35.1,5.9,13.2,0.56,97.6
Huizhou,2023-06,9.6,20.7,4.6,11.2,0.58,77.9
Huizhou,2023-07,9.6,22.1,3.7,12.2,0.56,78.7
Huizhou,2023-08,12.6,26.3,3.9,15.6,0.6,87.5
Huizhou,2023-09,12.5,23.4,5.2,12.4,0.54,80.9
Huizhou,2023-10,19.5,33.2,6.6,13.2,0.67,88.5
Huizhou,2023-11,25.1,52.7,7.7,21.6,0.71,105.0
Huizhou,2023-12,25.2,47.5,7.8,24.7,0.7,79.9
Huizhou,2024-01,29.0,51.8,7.6,24.4,0.73,98.6
Huizhou,2024-02,18.6,29.4,6.5,10.3,0.6,72.5
Huizhou,2024-03,21.0,42.3,7.3,17.3,0.65,91.4
Huizhou,2024-04,16.4,28.8,4.9,13.2,0.6,84.4
Huizhou,2024-05,13.7,26.5,5.4,12.2,0.59,103.6
Huizhou,2024-06,8.8,17.9,4.9,9.3,0.52,69.2
Huizhou,2024-07,7.7,16.5,4.4,8.6,0.49,69.2
Huizhou,2024-08,16.2,28.9,4.6,17.6,0.6,110.9
Huizhou,2024-09,13.1,23.1,5.1,12.7,0.57,94.6
Huizhou,2024-10,19.5,33.1,7.1,11.6,0.59,106.2
Huizhou,2024-11,18.3,31.0,7.1,13.6,0.55,79.2
Huizhou,2024-12,33.5,55.0,9.1,22.2,0.61,104.9
Jiangmen,2015-01,68.1,,29.5,54.7,1.41,92.6
Jiangmen,2015-02,58.8,80.7,18.5,42.0,1.01,79.2
Jiangmen,2015-03,42.6,58.2,20.4,40.6,1.16,44.2
Jiangmen,2015-04,29.2,,14.4,25.8,0.85,
Jiangmen,2015-05,16.1,,9.1,19.6,0.77,
Jiangmen,2015-06,12.8,22.0,8.5,14.4,0.62,
Jiangmen,2015-07,19.9,32.1,9.7,17.3,0.78,
Jiangmen,2015-08,26.6,42.0,14.3,17.4,0.92,94.3
Jiangmen,2015-09,32.1,47.4,15.7,20.9,0.94,112.4
Jiangmen,2015-10,39.7,68.0,20.6,32.6,1.06,102.3
Jiangmen,2015-11,36.6,64.2,20.5,44.7,1.13,66.3
Jiangmen,2015-12,32.8,56.8,15.2,43.9,0.99,38.6
Jiangmen,2016-01,30.3,50.9,11.5,41.3,1.08,32.1
Jiangmen,2016-02,29.2,50.9,8.2,28.7,0.97,60.6
Jiangmen,2016-03,31.6,66.4,15.2,42.2,0.99,67.6
Jiangmen,2016-04,30.7,53.3,10.6,30.7,0.8,63.5
Jiangmen,2016-05,26.5,45.3,10.4,21.3,0.74,90.8
Jiangmen,2016-06,18.1,33.1,9.0,19.5,0.66,73.8
Jiangmen,2016-07,21.1,39.5,8.2,17.7,0.62,91.0
Jiangmen,2016-08,32.6,53.3,11.0,26.3,0.85,122.8
Jiangmen,2016-09,38.0,60.2,13.2,31.7,0.82,110.5
Jiangmen,2016-10,35.6,57.6,11.3,34.6,0.87,110.1
Jiangmen,2016-11,46.2,72.2,13.8,48.5,0.96,82.8
Jiangmen,2016-12,,,,,,
Jiangmen,2017-01,58.0,83.0,10.6,48.1,1.11,91.4
Jiangmen,2017-02,39.5,62.7,12.3,38.1,0.9,101.4
Jiangmen,2017-03,41.2,76.1,13.3,50.4,1.03,62.9
Jiangmen,2017-04,33.2,58.5,11.3,36.5,0.81,94.2
Jiangmen,2017-05,35.5,60.9,11.8,30.9,0.82,147.8
Jiangmen,2017-06,15.2,31.9,6.6,16.0,0.56,60.7
Jiangmen,2017-07,21.2,38.8,8.9,25.3,0.58,83.8
Jiangmen,2017-08,18.9,38.2,8.5,21.8,0.49,90.8
Jiangmen,2017-09,31.4,54.0,12.2,29.6,0.82,147.7
Jiangmen,2017-10,37.5,64.2,12.6,40.8,0.91,144.7
Jiangmen,2017-11,49.4,78.9,15.1,52.1,1.01,84.1
Jiangmen,2017-12,63.3,96.9,19.4,68.9,0.99,90.7
Jiangmen,2018-01,56.3,86.9,13.4,62.5,1.06,75.9
Jiangmen,2018-02,41.5,60.7,8.5,33.9,0.75,81.9
Jiangmen,2018-03,33.2,57.6,10.6,33.9,0.75,115.2
Jiangmen,2018-04,33.3,69.1,10.8,32.5,0.75,92.9
Jiangmen,2018-05,18.6,38.5,8.6,20.5,0.65,88.9
Jiangmen,2018-06,18.0,37.8,7.8,21.5,0.64,108.4
Jiangmen,2018-07,15.6,35.4,6.5,19.9,0.61,80.0
Jiangmen,2018-08,,,,,,112.5
Jiangmen,2018-09,,,,,,
Jiangmen,2018-10,33.2,64.5,10.7,39.7,0.83,138.0
Jiangmen,2018-11,38.5,74.0,10.1,51.4,0.92,89.3
Jiangmen,2018-12,,,,,,
Jiangmen,2019-01,45.6,77.6,7.3,51.6,1.23,67.9
Jiangmen,2019-02,22.5,39.3,5.4,25.0,0.98,53.2
Jiangmen,2019-03,26.8,47.7,6.6,38.6,0.85,68.0
Jiangmen,2019-04,21.9,38.3,5.3,26.7,0.74,70.7
Jiangmen,2019-05,19.0,35.1,5.4,22.7,0.63,78.9
Jiangmen,2019-06,13.0,27.1,5.4,16.2,0.54,75.1
Jiangmen,2019-07,14.6,30.3,5.2,16.9,0.59,77.9
Jiangmen,2019-08,,,,,,
Jiangmen,2019-09,,,,,,
Jiangmen,2019-10,34.1,60.0,8.9,32.1,0.78,165.0
Jiangmen,2019-11,39.4,80.6,11.1,50.1,0.84,175.4
Jiangmen,2019-12,38.2,76.4,10.6,61.2,0.93,102.5
Jiangmen,2020-01,27.9,48.0,5.5,33.4,0.9,87.7
Jiangmen,2020-02,21.7,33.1,4.9,19.3,0.61,81.0
Jiangmen,2020-03,19.0,37.9,5.6,27.8,0.71,70.0
Jiangmen,2020-04,24.1,45.3,7.3,32.2,0.76,101.8
Jiangmen,2020-05,16.8,34.3,5.2,17.4,0.65,101.8
Jiangmen,2020-06,8.7,23.0,5.3,12.8,0.49,58.2
Jiangmen,2020-07,7.4,21.1,6.0,11.0,0.48,67.0
Jiangmen,2020-08,14.6,27.6,6.9,15.6,0.54,97.9
Jiangmen,2020-09,18.3,37.4,8.1,25.9,0.75,113.2
Jiangmen,2020-10,26.1,52.9,9.4,30.6,0.79,130.9
Jiangmen,2020-11,31.1,62.1,10.9,41.2,0.87,131.7
Jiangmen,2020-12,36.8,67.1,9.4,48.0,0.94,85.2
Jiangmen,2021-01,46.5,88.1,11.0,59.3,0.86,101.1
Jiangmen,2021-02,23.5,41.8,7.7,20.7,0.69,120.6
Jiangmen,2021-03,27.8,58.6,8.1,35.3,0.81,83.6
Jiangmen,2021-04,22.2,48.2,7.0,29.4,0.75,101.7
Jiangmen,2021-05,13.0,27.7,5.5,14.0,0.54,77.3
Jiangmen,2021-06,13.7,29.1,5.8,17.9,0.52,87.9
Jiangmen,2021-07,13.7,27.7,6.4,15.9,0.52,105.8
Jiangmen,2021-08,11.7,25.7,5.9,18.0,0.52,85.9
Jiangmen,2021-09,17.3,35.4,5.7,20.0,0.54,134.0
Jiangmen,2021-10,21.0,40.0,6.5,30.7,0.62,108.0
Jiangmen,2021-11,26.6,56.9,8.9,45.7,0.63,107.2
Jiangmen,2021-12,36.0,67.8,8.8,56.7,0.77,90.3
Jiangmen,2022-01,36.1,60.6,7.0,50.3,0.97,70.5
Jiangmen,2022-02,19.1,29.0,6.5,27.2,0.71,65.5
Jiangmen,2022-03,22.8,43.4,7.4,29.5,0.59,100.3
Jiangmen,2022-04,19.7,41.7,7.5,25.8,0.5,112.3
Jiangmen,2022-05,16.6,32.1,5.9,22.9,0.56,102.3
Jiangmen,2022-06,9.1,22.6,5.3,13.7,0.44,57.5
Jiangmen,2022-07,12.2,27.8,5.3,12.8,0.44,93.3
Jiangmen,2022-08,10.0,23.5,5.2,16.1,0.54,89.9
Jiangmen,2022-09,28.2,53.3,7.2,21.4,0.67,182.1
Jiangmen,2022-10,22.9,50.2,7.9,26.7,0.61,165.1
Jiangmen,2022-11,20.3,39.8,6.8,33.8,0.74,80.9
Jiangmen,2022-12,28.1,50.9,7.6,38.5,0.66,74.2
Jiangmen,2023-01,27.2,44.4,6.4,24.9,0.67,74.1
Jiangmen,2023-02,29.5,52.6,7.1,32.7,0.71,109.1
Jiangmen,2023-03,27.4,53.9,6.8,28.9,0.61,107.4
Jiangmen,2023-04,22.5,43.5,6.6,23.7,0.63,99.7
Jiangmen,2023-05,20.7,39.2,5.7,18.4,0.56,100.0
Jiangmen,2023-06,12.7,24.5,4.7,13.6,0.53,87.6
Jiangmen,2023-07,11.0,22.6,5.4,11.8,0.5,86.5
Jiangmen,2023-08,13.2,25.6,5.9,13.7,0.52,85.7
Jiangmen,2023-09,13.8,25.6,6.0,18.2,0.53,100.0
Jiangmen,2023-10,24.5,41.4,6.6,27.9,0.67,121.2
Jiangmen,2023-11,32.3,62.3,7.9,40.4,0.68,125.3
Jiangmen,2023-12,36.1,61.5,8.9,47.5,0.76,81.6
Jiangmen,2024-01,38.1,62.1,8.0,42.2,0.75,99.3
Jiangmen,2024-02,20.7,33.4,6.5,18.1,0.63,59.3
Jiangmen,2024-03,27.8,50.1,7.1,31.5,0.67,79.3
Jiangmen,2024-04,19.8,35.5,5.4,19.0,0.55,72.1
Jiangmen,2024-05,19.0,36.3,5.2,24.5,0.61,114.9
Jiangmen,2024-06,11.2,23.7,4.6,13.6,0.49,65.5
Jiangmen,2024-07,8.5,19.3,4.7,11.7,0.42,68.1
Jiangmen,2024-08,15.3,28.5,4.9,16.0,0.54,89.2
Jiangmen,2024-09,18.6,32.0,4.9,19.6,0.63,126.4
Jiangmen,2024-10,24.0,43.5,6.9,22.6,0.58,149.9
Jiangmen,2024-11,23.9,43.2,7.3,32.9,0.57,98.0
Jiangmen,2024-12,43.4,72.4,8.7,47.5,0.74,116.1
Shenzhen,2015-01,50.3,81.5,10.5,45.8,1.22,91.6
Shenzhen,2015-02,47.8,71.9,9.0,33.4,1.08,83.4
Shenzhen,2015-03,32.1,53.3,7.6,33.9,0.97,62.7
Shenzhen,2015-04,27.8,52.1,8.5,35.2,0.86,
Shenzhen,2015-05,16.7,33.9,7.5,30.0,0.83,
Shenzhen,2015-06,11.6,26.9,8.1,25.4,0.74,
Shenzhen,2015-07,20.1,35.6,8.2,27.7,0.84,
Shenzhen,2015-08,24.4,42.6,9.8,35.6,0.84,81.4
Shenzhen,2015-09,28.8,45.1,8.0,30.1,0.75,97.2
Shenzhen,2015-10,37.1,57.8,8.4,33.1,0.75,110.0
Shenzhen,2015-11,31.7,52.5,7.6,31.6,0.83,93.8
Shenzhen,2015-12,31.7,49.3,7.9,37.3,0.96,63.9
Shenzhen,2016-01,29.8,43.9,6.8,38.2,0.98,62.7
Shenzhen,2016-02,30.4,45.7,8.2,29.6,0.82,74.5
Shenzhen,2016-03,34.9,53.5,9.7,43.2,0.85,80.6
Shenzhen,2016-04,25.8,40.3,9.8,35.9,0.76,72.4
Shenzhen,2016-05,21.1,34.8,8.3,24.7,0.8,83.4
Shenzhen,2016-06,13.0,24.9,8.5,27.7,0.63,64.2
Shenzhen,2016-07,17.2,30.3,9.0,26.9,0.67,82.5
Shenzhen,2016-08,24.9,39.5,8.1,32.9,0.78,102.1
Shenzhen,2016-09,27.1,42.3,7.6,30.1,0.79,100.0
Shenzhen,2016-10,24.6,38.3,6.4,26.9,0.77,81.0
Shenzhen,2016-11,30.3,48.6,7.1,34.9,0.84,83.2
Shenzhen,2016-12,,,,,,
Shenzhen,2017-01,37.9,55.5,7.4,33.4,0.96,90.6
Shenzhen,2017-02,31.8,45.6,7.3,30.3,0.83,98.7
Shenzhen,2017-03,30.6,51.4,7.3,33.8,0.79,88.8
Shenzhen,2017-04,27.0,43.9,8.4,33.0,0.74,85.8
Shenzhen,2017-05,27.8,42.9,8.3,31.1,0.8,109.9
Shenzhen,2017-06,12.1,22.3,7.0,24.4,0.64,46.5
Shenzhen,2017-07,13.9,24.2,6.8,23.2,0.61,56.1
Shenzhen,2017-08,17.8,30.4,8.1,28.5,0.67,76.6
Shenzhen,2017-09,26.0,40.9,7.5,29.0,0.72,106.0
Shenzhen,2017-10,30.1,48.7,7.6,22.2,0.76,108.0
Shenzhen,2017-11,36.8,57.6,7.9,32.5,0.8,88.5
Shenzhen,2017-12,45.5,74.4,10.5,34.3,0.78,103.0
Shenzhen,2018-01,38.4,60.9,7.9,37.7,0.83,84.0
Shenzhen,2018-02,35.6,54.3,7.9,27.1,0.68,88.2
Shenzhen,2018-03,28.4,47.0,7.3,30.1,0.61,97.6
Shenzhen,2018-04,29.1,53.7,7.4,27.2,0.63,85.7
Shenzhen,2018-05,18.1,32.0,7.3,25.5,0.52,89.8
Shenzhen,2018-06,16.7,29.3,6.8,25.2,0.57,85.6
Shenzhen,2018-07,12.9,25.8,6.8,22.6,0.49,60.0
Shenzhen,2018-08,,,,,,87.2
Shenzhen,2018-09,,,,,,
Shenzhen,2018-10,29.2,49.9,7.7,25.5,0.59,113.9
Shenzhen,2018-11,28.3,47.6,6.6,28.7,0.61,82.2
Shenzhen,2018-12,,,,,,
Shenzhen,2019-01,37.5,61.5,6.4,36.0,0.85,71.5
Shenzhen,2019-02,19.5,30.3,4.7,18.1,0.68,64.0
Shenzhen,2019-03,22.5,35.9,4.0,25.8,0.64,75.9
Shenzhen,2019-04,19.8,31.9,4.1,22.8,0.58,81.9
Shenzhen,2019-05,16.7,30.4,4.0,20.0,0.57,83.5
Shenzhen,2019-06,10.1,19.8,4.3,19.8,0.53,64.6
Shenzhen,2019-07,14.0,26.6,4.4,19.9,0.55,68.7
Shenzhen,2019-08,,,,,,
Shenzhen,2019-09,,,,,,
Shenzhen,2019-10,32.6,54.2,6.1,23.8,0.67,137.6
Shenzhen,2019-11,36.6,70.9,7.1,31.6,0.61,134.7
Shenzhen,2019-12,38.1,69.3,7.3,41.5,0.7,84.2
Shenzhen,2020-01,27.1,44.6,5.5,24.2,0.68,78.3
Shenzhen,2020-02,19.0,30.1,5.1,16.6,0.54,75.4
Shenzhen,2020-03,20.9,37.6,5.3,24.5,0.62,71.2
Shenzhen,2020-04,22.7,40.6,5.8,28.8,0.6,92.5
Shenzhen,2020-05,13.6,26.1,5.1,22.7,0.56,72.3
Shenzhen,2020-06,7.1,15.8,5.1,18.0,0.47,45.1
Shenzhen,2020-07,7.4,15.9,5.6,17.3,0.51,51.6
Shenzhen,2020-08,12.6,23.2,5.9,19.7,0.53,72.5
Shenzhen,2020-09,16.3,28.3,5.8,21.9,0.61,91.2
Shenzhen,2020-10,24.1,44.9,6.3,18.2,0.62,111.0
Shenzhen,2020-11,27.0,52.5,7.1,26.6,0.65,105.6
Shenzhen,2020-12,34.7,62.7,7.2,34.1,0.72,81.0
Shenzhen,2021-01,36.0,72.1,7.5,41.5,0.69,92.8
Shenzhen,2021-02,19.6,34.2,5.9,22.3,0.61,96.2
Shenzhen,2021-03,19.3,40.7,5.8,26.6,0.62,78.9
Shenzhen,2021-04,18.6,41.6,5.7,21.6,0.6,96.6
Shenzhen,2021-05,10.1,22.3,5.6,18.7,0.54,65.1
Shenzhen,2021-06,10.5,24.2,5.5,17.5,0.53,69.1
Shenzhen,2021-07,10.5,22.4,5.4,18.3,0.52,75.6
Shenzhen,2021-08,10.6,22.7,5.6,21.6,0.56,62.3
Shenzhen,2021-09,15.6,29.5,6.0,21.5,0.59,101.2
Shenzhen,2021-10,16.6,31.4,6.2,17.4,0.61,84.2
Shenzhen,2021-11,23.5,49.0,7.1,29.3,0.55,102.1
Shenzhen,2021-12,27.3,51.6,6.3,32.9,0.68,86.9
Shenzhen,2022-01,25.6,41.4,5.2,27.2,0.71,83.2
Shenzhen,2022-02,13.6,22.4,4.8,16.4,0.66,75.1
Shenzhen,2022-03,16.8,31.1,4.8,21.8,0.63,88.1
Shenzhen,2022-04,16.5,33.5,4.8,20.3,0.57,95.6
Shenzhen,2022-05,12.0,23.3,4.6,16.9,0.55,86.3
Shenzhen,2022-06,6.9,17.9,4.7,15.4,0.52,47.7
Shenzhen,2022-07,11.5,24.1,5.2,16.0,0.53,85.4
Shenzhen,2022-08,9.6,21.8,5.3,16.7,0.58,74.4
Shenzhen,2022-09,26.5,46.1,6.2,19.5,0.72,150.1
Shenzhen,2022-10,18.8,40.6,6.7,16.8,0.57,119.9
Shenzhen,2022-11,15.9,29.6,5.9,22.8,0.64,72.4
Shenzhen,2022-12,21.9,40.9,6.0,27.0,0.63,68.0
Shenzhen,2023-01,24.8,41.2,5.3,18.7,0.64,70.7
Shenzhen,2023-02,20.7,39.7,5.7,20.7,0.68,94.4
Shenzhen,2023-03,23.1,47.0,5.7,24.1,0.65,101.8
Shenzhen,2023-04,18.7,38.1,5.6,19.6,0.66,90.8
Shenzhen,2023-05,18.0,34.9,5.1,17.5,0.62,94.7
Shenzhen,2023-06,9.4,19.5,4.6,15.7,0.63,66.8
Shenzhen,2023-07,9.0,20.5,5.2,16.4,0.61,63.0
Shenzhen,2023-08,11.3,24.5,5.4,19.0,0.64,63.5
Shenzhen,2023-09,10.7,21.4,5.5,17.6,0.6,72.7
Shenzhen,2023-10,17.8,33.1,5.8,18.0,0.68,95.1
Shenzhen,2023-11,23.0,50.4,4.3,26.7,0.65,110.7
Shenzhen,2023-12,25.9,50.0,4.9,32.5,0.65,83.7
Shenzhen,2024-01,27.1,49.2,4.8,28.7,0.62,96.5
Shenzhen,2024-02,18.2,30.5,4.3,14.0,0.59,69.0
Shenzhen,2024-03,20.8,42.5,5.2,20.2,0.63,87.9
Shenzhen,2024-04,16.1,29.0,5.0,18.0,0.54,65.8
Shenzhen,2024-05,13.4,27.1,5.0,17.0,0.57,101.4
Shenzhen,2024-06,8.2,18.1,4.9,12.0,0.5,61.4
Shenzhen,2024-07,6.4,15.9,5.1,11.1,0.49,53.8
Shenzhen,2024-08,13.8,26.6,5.7,21.0,0.54,82.7
Shenzhen,2024-09,13.1,25.0,6.3,19.5,0.55,95.8
Shenzhen,2024-10,18.5,35.5,6.9,15.9,0.54,115.6
Shenzhen,2024-11,18.3,35.0,6.4,22.8,0.58,84.7
Shenzhen,2024-12,32.4,57.1,7.3,33.1,0.67,112.0
Zhaoqing,2015-01,59.5,90.6,24.8,52.2,1.19,75.3
Zhaoqing,2015-02,64.7,84.0,16.7,31.7,1.14,70.1
Zhaoqing,2015-03,42.4,62.2,24.8,33.3,1.15,47.5
Zhaoqing,2015-04,38.3,59.2,24.7,28.3,0.92,
Zhaoqing,2015-05,28.5,,24.0,31.4,0.93,
Zhaoqing,2015-06,19.6,,20.0,19.3,0.74,
Zhaoqing,2015-07,25.1,39.7,18.1,15.0,0.71,
Zhaoqing,2015-08,34.7,52.2,18.9,22.1,0.68,113.2
Zhaoqing,2015-09,40.5,56.8,21.3,25.0,0.89,125.0
Zhaoqing,2015-10,39.9,57.1,18.4,30.2,0.81,118.5
Zhaoqing,2015-11,40.5,62.1,19.4,39.9,0.98,78.3
Zhaoqing,2015-12,33.5,51.8,14.6,38.9,1.11,44.3
Zhaoqing,2016-01,33.6,51.6,11.6,38.9,1.19,41.8
Zhaoqing,2016-02,31.2,48.5,9.1,22.9,0.96,65.2
Zhaoqing,2016-03,47.4,67.5,23.0,48.1,1.13,61.8
Zhaoqing,2016-04,42.4,61.4,24.0,36.0,0.96,65.0
Zhaoqing,2016-05,32.4,,17.9,27.1,0.86,99.7
Zhaoqing,2016-06,23.7,41.0,16.1,24.6,0.73,91.9
Zhaoqing,2016-07,22.7,41.2,17.1,21.3,0.71,93.5
Zhaoqing,2016-08,35.2,56.0,14.6,30.2,0.84,117.4
Zhaoqing,2016-09,35.3,55.4,13.4,28.6,0.81,122.2
Zhaoqing,2016-10,34.7,52.2,12.8,25.0,0.82,92.9
Zhaoqing,2016-11,52.5,74.1,16.3,41.6,1.11,78.6
Zhaoqing,2016-12,,,,,,
Zhaoqing,2017-01,60.0,,10.2,35.8,1.29,77.9
Zhaoqing,2017-02,49.3,62.2,13.1,35.3,1.08,80.4
Zhaoqing,2017-03,51.2,71.5,17.0,47.8,1.17,50.1
Zhaoqing,2017-04,42.4,63.7,15.3,38.5,0.95,80.0
Zhaoqing,2017-05,36.2,57.6,15.6,34.3,0.89,120.8
Zhaoqing,2017-06,20.6,38.5,11.5,24.5,0.81,77.0
Zhaoqing,2017-07,28.5,45.5,13.2,35.7,0.86,102.2
Zhaoqing,2017-08,22.7,40.2,13.2,26.1,0.82,96.0
Zhaoqing,2017-09,40.5,59.8,14.1,36.9,0.99,139.9
Zhaoqing,2017-10,37.0,54.6,11.9,35.7,0.99,120.1
Zhaoqing,2017-11,41.6,,13.2,37.8,0.96,67.9
Zhaoqing,2017-12,56.5,80.2,18.9,51.7,1.11,83.4
Zhaoqing,2018-01,65.0,86.3,15.1,58.8,1.2,66.2
Zhaoqing,2018-02,49.5,64.1,9.4,29.2,0.91,77.0
Zhaoqing,2018-03,42.6,63.7,16.7,38.3,0.88,101.3
Zhaoqing,2018-04,40.3,70.3,17.5,36.2,0.87,81.7
Zhaoqing,2018-05,24.4,42.4,11.9,26.5,0.7,94.4
Zhaoqing,2018-06,28.1,45.5,9.6,26.6,0.75,114.2
Zhaoqing,2018-07,26.6,45.0,11.7,27.6,0.71,106.1
Zhaoqing,2018-08,,,,,,106.1
Zhaoqing,2018-09,,,,,,
Zhaoqing,2018-10,38.3,58.0,12.8,38.8,0.81,112.7
Zhaoqing,2018-11,46.6,,13.8,44.3,0.89,79.4
Zhaoqing,2018-12,,,,,,
Zhaoqing,2019-01,47.9,56.7,8.3,40.9,1.05,59.7
Zhaoqing,2019-02,34.1,44.3,7.1,25.0,0.93,47.0
Zhaoqing,2019-03,36.3,52.0,10.4,40.5,0.88,58.7
Zhaoqing,2019-04,28.8,47.6,8.9,35.7,0.87,58.0
Zhaoqing,2019-05,22.9,38.2,7.6,27.4,0.76,81.1
Zhaoqing,2019-06,16.3,32.9,8.4,21.5,0.66,88.7
Zhaoqing,2019-07,18.3,34.5,8.4,21.1,0.65,87.7
Zhaoqing,2019-08,,,,,,
Zhaoqing,2019-09,,,,,,
Zhaoqing,2019-10,34.6,57.2,11.4,32.9,0.86,134.5
Zhaoqing,2019-11,42.4,68.7,12.1,46.8,0.79,137.8
Zhaoqing,2019-12,46.8,73.5,13.2,53.8,1.04,86.0
Zhaoqing,2020-01,34.7,49.9,7.5,32.8,0.81,69.8
Zhaoqing,2020-02,23.3,29.1,6.6,17.3,0.55,73.1
Zhaoqing,2020-03,25.6,40.7,10.3,29.9,0.66,55.6
Zhaoqing,2020-04,21.4,36.0,12.2,27.7,0.6,82.7
Zhaoqing,2020-05,18.1,32.4,11.3,20.7,0.51,85.1
Zhaoqing,2020-06,11.4,23.4,8.8,17.6,0.43,63.0
Zhaoqing,2020-07,13.2,25.0,10.7,16.0,0.39,79.6
Zhaoqing,2020-08,18.3,30.8,11.4,22.6,0.51,88.6
Zhaoqing,2020-09,23.1,36.6,9.4,27.0,0.54,89.3
Zhaoqing,2020-10,26.9,42.1,6.9,25.6,0.56,96.4
Zhaoqing,2020-11,30.4,51.4,9.7,34.7,0.66,95.2
Zhaoqing,2020-12,34.5,50.0,7.7,37.8,0.71,68.9
Zhaoqing,2021-01,42.1,63.4,9.9,44.0,0.76,87.7
Zhaoqing,2021-02,25.2,37.0,6.7,22.5,0.65,95.9
Zhaoqing,2021-03,27.4,51.9,10.6,32.3,0.73,67.0
Zhaoqing,2021-04,22.5,40.3,9.5,27.4,0.69,85.5
Zhaoqing,2021-05,14.8,27.1,9.5,17.9,0.46,78.8
Zhaoqing,2021-06,15.8,29.3,8.7,19.6,0.49,93.5
Zhaoqing,2021-07,16.4,28.5,10.4,17.5,0.48,104.7
Zhaoqing,2021-08,14.5,26.1,10.2,17.0,0.5,97.4
Zhaoqing,2021-09,20.6,33.5,9.5,21.9,0.56,133.1
Zhaoqing,2021-10,19.0,30.2,8.2,21.0,0.61,98.8
Zhaoqing,2021-11,22.2,38.9,10.7,29.6,0.62,90.9
Zhaoqing,2021-12,27.7,43.1,9.6,33.4,0.71,85.5
Zhaoqing,2022-01,32.0,48.0,8.6,33.2,0.89,72.3
Zhaoqing,2022-02,14.4,20.0,7.4,20.7,0.76,57.1
Zhaoqing,2022-03,24.0,39.6,10.5,28.1,0.69,89.2
Zhaoqing,2022-04,21.1,35.5,11.0,21.6,0.65,108.3
Zhaoqing,2022-05,21.7,33.7,9.2,22.4,0.71,106.7
Zhaoqing,2022-06,12.1,21.9,9.3,12.8,0.57,71.3
Zhaoqing,2022-07,16.1,27.3,10.1,14.1,0.51,93.8
Zhaoqing,2022-08,13.7,24.2,9.6,17.5,0.46,97.8
Zhaoqing,2022-09,29.7,45.1,8.0,22.8,0.62,161.8
Zhaoqing,2022-10,24.8,42.4,10.0,25.1,0.53,149.3
Zhaoqing,2022-11,24.3,36.8,9.4,27.9,0.73,84.9
Zhaoqing,2022-12,26.8,41.9,9.0,27.7,0.6,75.2
Zhaoqing,2023-01,28.1,40.3,7.7,20.4,0.57,71.9
Zhaoqing,2023-02,32.5,51.2,8.9,32.7,0.62,91.6
Zhaoqing,2023-03,30.4,52.8,10.7,28.1,0.59,105.5
Zhaoqing,2023-04,26.3,44.4,9.0,28.2,0.59,80.5
Zhaoqing,2023-05,21.8,37.3,9.7,20.5,0.47,103.7
Zhaoqing,2023-06,16.1,27.3,11.3,18.8,0.48,99.4
Zhaoqing,2023-07,12.0,21.4,10.5,14.3,0.45,88.4
Zhaoqing,2023-08,15.2,25.9,9.3,15.4,0.45,98.9
Zhaoqing,2023-09,16.2,26.4,7.3,20.4,0.51,100.5
Zhaoqing,2023-10,22.4,33.3,8.0,21.7,0.59,105.5
Zhaoqing,2023-11,32.5,54.1,11.4,35.2,0.63,116.5
Zhaoqing,2023-12,29.0,46.2,10.4,33.8,0.64,71.8
Zhaoqing,2024-01,34.7,51.0,8.2,34.4,0.71,88.6
Zhaoqing,2024-02,17.9,26.4,5.7,16.4,0.67,57.0
Zhaoqing,2024-03,29.3,49.6,7.8,32.4,0.68,67.7
Zhaoqing,2024-04,21.9,34.9,8.3,23.7,0.59,76.6
Zhaoqing,2024-05,21.4,35.6,7.6,25.6,0.48,120.1
Zhaoqing,2024-06,12.7,22.3,7.2,16.8,0.42,73.1
Zhaoqing,2024-07,10.6,21.3,8.6,15.6,0.4,85.7
Zhaoqing,2024-08,14.7,25.0,7.6,16.6,0.46,98.5
Zhaoqing,2024-09,15.1,24.8,5.7,16.9,0.42,109.1
Zhaoqing,2024-10,22.4,34.7,7.0,19.0,0.53,130.2
Zhaoqing,2024-11,19.3,31.5,7.1,20.8,0.51,95.7
Zhaoqing,2024-12,37.4,57.1,7.6,33.5,0.63,114.3
Zhongshan,2015-01,54.4,87.1,19.2,44.7,1.48,61.0
Zhongshan,2015-02,57.1,78.1,13.9,42.7,1.3,55.4
Zhongshan,2015-03,34.7,54.6,13.3,35.6,1.12,38.9
Zhongshan,2015-04,30.3,,12.7,25.8,0.94,
Zhongshan,2015-05,16.2,25.2,10.1,17.0,0.98,
Zhongshan,2015-06,11.2,,9.6,12.3,0.73,
Zhongshan,2015-07,21.1,33.6,6.7,20.3,0.88,
Zhongshan,2015-08,26.1,38.2,9.5,22.0,0.95,96.6
Zhongshan,2015-09,30.8,44.0,10.4,23.0,0.9,109.1
Zhongshan,2015-10,45.5,60.9,14.6,36.0,0.97,108.0
Zhongshan,2015-11,42.1,60.0,11.1,39.8,1.13,76.1
Zhongshan,2015-12,36.9,60.1,14.4,41.1,1.46,39.4
Zhongshan,2016-01,33.1,51.3,13.1,41.0,1.21,35.9
Zhongshan,2016-02,27.7,49.1,10.3,33.7,1.04,51.7
Zhongshan,2016-03,36.2,57.0,11.8,50.9,1.03,59.9
Zhongshan,2016-04,29.7,39.6,8.3,24.7,1.08,62.2
Zhongshan,2016-05,21.9,,7.4,19.9,0.86,83.6
Zhongshan,2016-06,12.6,22.6,6.7,15.9,0.68,65.2
Zhongshan,2016-07,16.3,29.3,8.2,18.9,0.75,87.6
Zhongshan,2016-08,26.7,39.5,8.7,26.6,0.89,127.9
Zhongshan,2016-09,29.7,42.8,11.8,30.5,0.87,121.3
Zhongshan,2016-10,30.4,44.3,15.5,31.5,0.87,96.3
Zhongshan,2016-11,36.5,53.5,15.3,40.7,0.91,75.7
Zhongshan,2016-12,,,,,,
Zhongshan,2017-01,52.3,67.7,11.8,48.9,1.1,86.6
Zhongshan,2017-02,42.5,53.9,11.3,39.4,0.81,96.0
Zhongshan,2017-03,38.6,58.3,10.9,47.4,0.88,64.9
Zhongshan,2017-04,28.2,45.2,8.4,32.0,0.79,90.9
Zhongshan,2017-05,32.0,48.0,9.9,28.4,0.8,139.2
Zhongshan,2017-06,11.0,21.2,5.8,12.8,0.65,60.7
Zhongshan,2017-07,15.5,27.1,7.8,23.7,0.67,72.2
Zhongshan,2017-08,17.2,30.6,7.5,18.0,0.7,92.4
Zhongshan,2017-09,26.6,42.7,10.3,24.7,0.8,133.6
Zhongshan,2017-10,34.1,52.9,13.0,36.0,0.86,139.7
Zhongshan,2017-11,46.2,68.6,12.3,55.9,1.04,82.2
Zhongshan,2017-12,59.0,80.9,16.0,65.2,0.98,98.1
Zhongshan,2018-01,49.4,68.4,11.8,59.7,1.0,67.3
Zhongshan,2018-02,41.7,53.6,9.6,37.2,0.71,75.4
Zhongshan,2018-03,28.8,47.1,9.8,34.2,0.68,97.0
Zhongshan,2018-04,30.2,54.5,9.9,29.8,0.72,84.8
Zhongshan,2018-05,17.9,30.7,7.4,14.7,0.63,102.4
Zhongshan,2018-06,18.0,29.9,7.0,17.2,0.65,109.5
Zhongshan,2018-07,13.9,24.9,6.6,13.3,0.55,74.5
Zhongshan,2018-08,,,,,,116.5
Zhongshan,2018-09,,,,,,
Zhongshan,2018-10,34.5,53.0,9.7,35.5,0.69,127.1
Zhongshan,2018-11,38.0,57.9,9.9,46.6,0.79,83.4
Zhongshan,2018-12,,,,,,
Zhongshan,2019-01,55.5,72.5,8.5,58.3,1.12,64.3
Zhongshan,2019-02,23.1,34.9,5.3,23.0,0.8,55.6
Zhongshan,2019-03,25.4,38.2,5.9,34.1,0.75,59.7
Zhongshan,2019-04,19.1,31.2,5.6,19.8,0.63,73.4
Zhongshan,2019-05,17.6,30.7,3.8,21.4,0.64,77.8
Zhongshan,2019-06,10.6,20.2,2.8,13.9,0.59,76.3
Zhongshan,2019-07,13.4,25.7,3.9,13.2,0.6,77.6
Zhongshan,2019-08,,,,,,
Zhongshan,2019-09,,,,,,
Zhongshan,2019-10,34.2,57.0,7.4,34.7,0.72,160.1
Zhongshan,2019-11,42.7,74.4,9.0,50.6,0.72,164.2
Zhongshan,2019-12,42.9,67.3,8.7,64.5,0.84,87.8
Zhongshan,2020-01,27.3,40.5,5.1,31.7,0.82,86.2
Zhongshan,2020-02,21.3,28.9,3.7,17.7,0.58,82.6
Zhongshan,2020-03,17.6,31.3,3.6,21.5,0.62,70.0
Zhongshan,2020-04,25.0,43.8,5.1,32.0,0.67,93.7
Zhongshan,2020-05,13.9,29.3,3.8,16.4,0.6,91.0
Zhongshan,2020-06,6.3,17.3,3.4,8.2,0.52,58.7
Zhongshan,2020-07,6.7,17.9,4.0,9.3,0.5,66.2
Zhongshan,2020-08,12.7,24.6,3.5,15.3,0.52,82.2
Zhongshan,2020-09,15.8,31.1,3.5,22.0,0.68,98.5
Zhongshan,2020-10,26.5,50.6,7.1,30.5,0.66,126.2
Zhongshan,2020-11,29.4,58.4,7.8,39.6,0.68,121.3
Zhongshan,2020-12,39.2,65.0,6.6,51.9,0.8,74.4
Zhongshan,2021-01,42.9,73.4,6.0,54.1,0.73,93.1
Zhongshan,2021-02,21.8,35.6,3.9,19.0,0.59,110.0
Zhongshan,2021-03,22.6,47.4,4.2,28.5,0.68,80.3
Zhongshan,2021-04,19.3,42.1,4.6,22.4,0.63,98.6
Zhongshan,2021-05,10.7,23.6,4.2,10.4,0.55,77.9
Zhongshan,2021-06,11.4,23.6,3.4,10.8,0.53,81.6
Zhongshan,2021-07,11.8,24.5,4.0,11.9,0.55,95.2
Zhongshan,2021-08,10.5,22.5,4.2,13.8,0.53,75.7
Zhongshan,2021-09,15.3,30.3,4.2,16.0,0.55,118.4
Zhongshan,2021-10,19.6,35.7,5.0,25.5,0.62,98.5
Zhongshan,2021-11,26.6,55.0,6.7,42.1,0.58,104.4
Zhongshan,2021-12,34.6,62.9,6.8,50.4,0.69,90.7
Zhongshan,2022-01,31.8,51.2,5.1,41.9,0.83,70.7
Zhongshan,2022-02,18.9,27.2,4.6,23.5,0.65,66.1
Zhongshan,2022-03,20.5,37.7,5.3,23.7,0.57,92.7
Zhongshan,2022-04,18.4,36.0,4.2,20.8,0.49,104.6
Zhongshan,2022-05,14.6,27.1,3.5,17.6,0.55,94.3
Zhongshan,2022-06,7.8,17.5,3.9,8.5,0.54,60.9
Zhongshan,2022-07,11.9,23.7,4.4,9.3,0.55,90.5
Zhongshan,2022-08,9.7,20.0,3.8,13.7,0.54,89.5
Zhongshan,2022-09,27.4,49.0,5.7,20.9,0.6,182.2
Zhongshan,2022-10,22.0,44.0,7.2,22.8,0.49,155.9
Zhongshan,2022-11,18.4,32.6,5.6,30.0,0.59,73.3
Zhongshan,2022-12,26.0,43.9,7.5,38.6,0.6,68.5
Zhongshan,2023-01,28.5,41.7,4.8,25.4,0.57,70.6
Zhongshan,2023-02,24.9,42.7,5.6,25.7,0.53,102.5
Zhongshan,2023-03,25.6,46.3,5.8,24.3,0.56,101.5
Zhongshan,2023-04,19.6,36.3,4.9,19.6,0.52,97.6
Zhongshan,2023-05,19.3,33.9,4.4,15.9,0.47,102.3
Zhongshan,2023-06,10.6,19.3,4.8,9.2,0.39,88.6
Zhongshan,2023-07,9.8,18.2,5.8,8.2,0.38,86.2
Zhongshan,2023-08,10.9,20.6,4.4,10.9,0.42,78.8
Zhongshan,2023-09,11.5,20.4,5.2,15.3,0.4,91.7
Zhongshan,2023-10,22.4,36.4,4.2,23.9,0.56,119.2
Zhongshan,2023-11,27.6,52.5,4.9,33.8,0.52,119.4
Zhongshan,2023-12,33.2,55.0,5.8,44.7,0.63,76.7
Zhongshan,2024-01,33.6,52.2,5.2,38.9,0.61,90.6
Zhongshan,2024-02,21.4,32.1,5.2,18.7,0.52,57.8
Zhongshan,2024-03,23.8,42.0,5.7,24.9,0.54,82.2
Zhongshan,2024-04,17.5,30.1,4.8,15.6,0.45,68.7
Zhongshan,2024-05,15.3,28.8,5.2,21.2,0.45,104.9
Zhongshan,2024-06,8.8,19.1,5.8,11.0,0.36,62.5
Zhongshan,2024-07,7.2,15.8,6.8,9.6,0.36,59.2
Zhongshan,2024-08,14.4,26.6,4.8,13.3,0.48,90.7
Zhongshan,2024-09,14.3,26.8,3.9,16.8,0.47,118.7
Zhongshan,2024-10,20.8,37.8,6.0,20.7,0.5,141.0
Zhongshan,2024-11,22.5,39.4,6.2,31.6,0.5,92.1
Zhongshan,2024-12,40.1,62.8,6.0,43.7,0.6,107.3
Zhuhai,2015-01,59.8,,15.4,48.1,1.51,84.5
Zhuhai,2015-02,59.4,,10.6,35.7,1.2,82.7
Zhuhai,2015-03,31.1,,6.2,35.0,0.85,58.3
Zhuhai,2015-04,28.1,,7.2,28.0,0.67,
Zhuhai,2015-05,12.9,30.3,4.7,19.6,0.64,
Zhuhai,2015-06,9.9,27.2,4.0,11.4,0.62,
Zhuhai,2015-07,18.5,41.3,6.2,16.4,0.81,
Zhuhai,2015-08,23.4,44.9,7.5,20.5,0.78,81.1
Zhuhai,2015-09,25.4,51.4,7.5,21.2,0.73,93.9
Zhuhai,2015-10,40.9,73.1,11.6,29.0,0.81,123.0
Zhuhai,2015-11,33.7,55.3,12.1,35.2,0.84,102.4
Zhuhai,2015-12,34.6,58.1,14.0,46.1,0.96,72.3
Zhuhai,2016-01,30.6,51.2,10.2,46.6,0.94,62.3
Zhuhai,2016-02,30.4,51.2,8.9,32.1,0.78,73.6
Zhuhai,2016-03,32.7,57.1,8.8,44.2,0.81,82.6
Zhuhai,2016-04,24.7,40.3,7.8,31.8,0.74,79.0
Zhuhai,2016-05,19.7,33.4,7.0,20.9,0.71,91.7
Zhuhai,2016-06,11.4,21.2,6.5,17.8,0.62,65.5
Zhuhai,2016-07,14.9,24.9,6.4,16.0,0.69,72.5
Zhuhai,2016-08,21.9,33.7,8.3,24.8,0.74,99.5
Zhuhai,2016-09,25.1,40.2,10.9,26.6,0.74,117.1
Zhuhai,2016-10,27.1,42.2,11.5,28.7,0.78,104.1
Zhuhai,2016-11,31.1,47.4,11.8,40.2,0.79,80.7
Zhuhai,2016-12,,,,,,
Zhuhai,2017-01,40.9,58.4,7.0,41.9,0.96,78.3
Zhuhai,2017-02,34.4,46.6,7.1,35.6,0.72,83.8
Zhuhai,2017-03,32.9,50.8,7.6,51.9,0.73,66.3
Zhuhai,2017-04,26.2,39.7,7.1,34.3,0.69,75.2
Zhuhai,2017-05,27.6,41.3,7.4,28.7,0.65,100.6
Zhuhai,2017-06,9.8,17.6,3.1,12.6,0.49,46.6
Zhuhai,2017-07,13.8,21.5,6.3,23.6,0.52,52.5
Zhuhai,2017-08,16.2,25.6,5.1,17.4,0.51,68.7
Zhuhai,2017-09,23.6,35.2,6.9,23.0,0.59,105.0
Zhuhai,2017-10,32.9,51.8,8.8,26.1,0.66,140.3
Zhuhai,2017-11,44.0,67.0,10.9,46.1,0.77,109.5
Zhuhai,2017-12,54.1,79.7,13.3,50.1,0.75,120.2
Zhuhai,2018-01,44.8,60.9,11.8,50.5,0.79,86.5
Zhuhai,2018-02,42.7,61.5,9.9,33.2,0.71,90.8
Zhuhai,2018-03,29.3,44.5,7.8,36.8,0.63,99.0
Zhuhai,2018-04,28.6,52.0,6.2,29.2,0.61,92.1
Zhuhai,2018-05,15.9,27.9,4.2,16.4,0.54,87.8
Zhuhai,2018-06,15.4,27.7,4.1,17.4,0.55,100.4
Zhuhai,2018-07,11.0,23.1,3.7,14.0,0.47,58.2
Zhuhai,2018-08,,,,,,96.1
Zhuhai,2018-09,,,,,,
Zhuhai,2018-10,31.7,53.4,7.6,31.2,0.69,145.5
Zhuhai,2018-11,32.9,51.9,6.6,41.3,0.68,90.6
Zhuhai,2018-12,,,,,,
Zhuhai,2019-01,46.1,76.9,8.1,50.5,1.04,76.0
Zhuhai,2019-02,20.8,34.2,5.2,24.3,0.83,64.3
Zhuhai,2019-03,24.5,38.7,5.3,36.5,0.76,66.4
Zhuhai,2019-04,17.3,26.6,3.8,22.7,0.62,74.9
Zhuhai,2019-05,15.9,26.6,3.7,23.7,0.63,82.8
Zhuhai,2019-06,9.4,17.0,3.6,14.3,0.56,67.7
Zhuhai,2019-07,13.0,22.7,3.8,14.7,0.53,65.2
Zhuhai,2019-08,,,,,,
Zhuhai,2019-09,,,,,,
Zhuhai,2019-10,30.6,49.7,5.3,22.4,0.65,141.5
Zhuhai,2019-11,38.8,68.6,6.5,33.6,0.62,145.5
Zhuhai,2019-12,38.0,71.3,7.3,49.3,0.7,92.5
Zhuhai,2020-01,24.4,41.9,4.3,26.9,0.7,81.4
Zhuhai,2020-02,19.6,31.5,3.8,18.4,0.55,78.9
Zhuhai,2020-03,19.0,35.1,3.7,26.8,0.56,75.5
Zhuhai,2020-04,21.3,40.3,4.8,31.3,0.57,91.0
Zhuhai,2020-05,12.8,22.3,3.6,16.4,0.54,73.5
Zhuhai,2020-06,6.5,13.2,3.0,10.6,0.47,46.3
Zhuhai,2020-07,6.2,12.5,3.6,10.9,0.48,50.7
Zhuhai,2020-08,11.2,18.0,4.2,16.0,0.46,75.6
Zhuhai,2020-09,13.7,21.5,4.8,23.0,0.57,87.8
Zhuhai,2020-10,23.9,45.5,6.4,24.7,0.55,128.2
Zhuhai,2020-11,27.8,54.9,7.4,35.5,0.66,128.7
Zhuhai,2020-12,38.9,71.4,7.8,49.6,0.82,89.1
Zhuhai,2021-01,39.0,77.3,7.7,48.6,0.68,97.0
Zhuhai,2021-02,22.3,39.2,5.3,20.5,0.5,101.4
Zhuhai,2021-03,23.5,44.4,5.5,26.9,0.56,79.7
Zhuhai,2021-04,19.2,39.8,6.0,19.0,0.61,96.6
Zhuhai,2021-05,11.0,20.4,5.5,7.9,0.53,67.9
Zhuhai,2021-06,11.5,20.7,5.9,9.6,0.52,75.6
Zhuhai,2021-07,10.7,16.6,6.2,9.4,0.56,74.4
Zhuhai,2021-08,9.9,16.1,6.1,12.5,0.55,62.3
Zhuhai,2021-09,13.2,21.4,5.6,14.3,0.57,89.0
Zhuhai,2021-10,18.7,32.9,5.7,21.9,0.62,100.4
Zhuhai,2021-11,24.8,52.9,8.0,36.0,0.57,125.5
Zhuhai,2021-12,31.7,61.1,8.6,42.7,0.65,103.0
Zhuhai,2022-01,27.8,49.0,8.2,35.4,0.71,86.7
Zhuhai,2022-02,17.0,28.0,7.7,23.4,0.7,68.1
Zhuhai,2022-03,20.1,33.3,8.3,23.3,0.5,94.7
Zhuhai,2022-04,16.5,31.1,8.9,17.8,0.48,96.0
Zhuhai,2022-05,12.7,20.6,7.9,14.5,0.47,91.4
Zhuhai,2022-06,8.0,14.2,8.2,7.0,0.38,54.4
Zhuhai,2022-07,11.3,18.2,7.7,6.9,0.39,76.9
Zhuhai,2022-08,9.2,15.2,6.8,10.8,0.39,77.2
Zhuhai,2022-09,26.2,42.7,6.6,17.5,0.55,166.2
Zhuhai,2022-10,18.9,40.4,7.6,19.4,0.4,137.5
Zhuhai,2022-11,15.9,25.4,7.2,23.5,0.49,76.8
Zhuhai,2022-12,24.9,46.1,8.3,33.8,0.55,73.3
Zhuhai,2023-01,25.4,43.6,5.8,22.3,0.5,76.0
Zhuhai,2023-02,21.6,39.9,5.6,23.1,0.46,105.1
Zhuhai,2023-03,22.4,42.9,4.9,23.5,0.47,104.0
Zhuhai,2023-04,20.8,38.5,5.4,17.9,0.48,103.4
Zhuhai,2023-05,19.4,31.1,6.1,13.9,0.42,96.9
Zhuhai,2023-06,9.4,15.2,5.8,9.0,0.38,75.6
Zhuhai,2023-07,8.8,16.9,5.0,8.8,0.4,74.3
Zhuhai,2023-08,10.0,18.8,5.4,10.6,0.48,69.9
Zhuhai,2023-09,10.2,17.5,6.4,13.0,0.44,84.9
Zhuhai,2023-10,18.3,32.2,6.4,18.7,0.57,118.7
Zhuhai,2023-11,23.4,50.6,7.1,26.0,0.5,120.8
Zhuhai,2023-12,28.8,55.6,7.9,38.4,0.6,84.5
Zhuhai,2024-01,29.0,52.1,7.1,32.1,0.55,94.1
Zhuhai,2024-02,20.3,35.2,5.8,19.9,0.52,58.3
Zhuhai,2024-03,21.6,42.8,5.7,21.5,0.51,87.1
Zhuhai,2024-04,16.1,27.9,6.1,10.8,0.42,67.9
Zhuhai,2024-05,13.8,27.5,6.8,15.4,0.46,103.7
Zhuhai,2024-06,9.6,18.5,5.2,7.8,0.39,62.4
Zhuhai,2024-07,6.5,13.8,6.6,6.7,0.38,52.0
Zhuhai,2024-08,11.9,20.7,6.2,9.4,0.49,77.4
Zhuhai,2024-09,12.6,22.0,7.5,12.9,0.46,104.7
Zhuhai,2024-10,20.5,38.9,7.5,17.9,0.49,139.6
Zhuhai,2024-11,21.9,39.8,6.4,26.1,0.5,101.3
Zhuhai,2024-12,37.7,64.2,7.7,36.2,0.6,116.4
